<?xml version="1.0" encoding="UTF-8"?>
<FasigTiptonSalesServices>
<Service>saleUpdates</Service>
<FasigTiptonUpdates>
	<Update>
+    Baskerville (2014 c. by Bernardini). 5 wins, 2 to 9, 2023, 80,698,000 Yen, in Japan. Sent from United States to Great Britain in 2015. (Total: $732,772).
		<hip>1</hip>
		<SaleEntryCode>PH23</SaleEntryCode>
		<SaleCode>FTFEB</SaleCode>
		<SaleName>FT FEB MIXED 21</SaleName>
		<HorseName>Baskerville</HorseName>
		<HorseYOB>2014</HorseYOB>
		<HorseSex>c</HorseSex>
		<DamName>**Divalarious**</DamName>
		<DamDamName></DamDamName>
		<SireName>Bernardini</SireName>
		<OfficialPosition></OfficialPosition>
		<RaceNumber></RaceNumber>
		<RaceType></RaceType>
		<Grade></Grade>
		<RaceDate></RaceDate>
		<TrackName></TrackName>
		<UpdPosition></UpdPosition>
		<Generation>1</Generation>
		<Earnings>732,772</Earnings>
		<BlackType>N</BlackType>
		<WhiteType>Y</WhiteType>
		<UpdateLink></UpdateLink>
	</update>
</FasigTiptonUpdates>
</FasigTiptonSalesServices>