<?xml version="1.0" encoding="UTF-8"?>
<FasigTiptonSalesServices>
<Service>saleUpdates</Service>
<FasigTiptonUpdates>
	<Update>
+    Happy Charlie (2018 g. by Runhappy). Winner at 3, placed at 4, 2022, $41,027.
		<hip>10</hip>
		<SaleEntryCode>PH23</SaleEntryCode>
		<SaleCode>FTFEB</SaleCode>
		<SaleName>FT FEB MIXED 21</SaleName>
		<HorseName>Happy Charlie</HorseName>
		<HorseYOB>2018</HorseYOB>
		<HorseSex>g</HorseSex>
		<DamName>AGUADILLA</DamName>
		<DamDamName></DamDamName>
		<SireName>Runhappy</SireName>
		<OfficialPosition></OfficialPosition>
		<RaceNumber></RaceNumber>
		<RaceType></RaceType>
		<Grade></Grade>
		<RaceDate></RaceDate>
		<TrackName></TrackName>
		<UpdPosition></UpdPosition>
		<Generation>1</Generation>
		<Earnings>41,027</Earnings>
		<BlackType>N</BlackType>
		<WhiteType>Y</WhiteType>
		<UpdateLink></UpdateLink>
+    La Cumparsita (2019 f. by Mastery). Winner at 3, 2022, $27,337.
		<hip>10</hip>
		<SaleEntryCode>PH23</SaleEntryCode>
		<SaleCode>FTFEB</SaleCode>
		<SaleName>FT FEB MIXED 21</SaleName>
		<HorseName>La Cumparsita</HorseName>
		<HorseYOB>2019</HorseYOB>
		<HorseSex>f</HorseSex>
		<DamName>AGUADILLA</DamName>
		<DamDamName></DamDamName>
		<SireName>Mastery</SireName>
		<OfficialPosition></OfficialPosition>
		<RaceNumber></RaceNumber>
		<RaceType></RaceType>
		<Grade></Grade>
		<RaceDate></RaceDate>
		<TrackName></TrackName>
		<UpdPosition></UpdPosition>
		<Generation>1</Generation>
		<Earnings>27,337</Earnings>
		<BlackType>N</BlackType>
		<WhiteType>Y</WhiteType>
		<UpdateLink></UpdateLink>
+    .  **Karakatsie** (2018 f. by Karakontie (JPN)). Winner at 2, placed at 4, 2022, $114,218, 2nd Honey Ryder S. (GP, $14,700), Martha Washington S. (GP, $14,550), 3rd Goldikova S. **[G2]** (SA, $24,000).
		<hip>10</hip>
		<SaleEntryCode>PH23</SaleEntryCode>
		<SaleCode>FTFEB</SaleCode>
		<SaleName>FT FEB MIXED 21</SaleName>
		<HorseName>Karakatsie**</HorseName>
		<HorseYOB>2018</HorseYOB>
		<HorseSex>f</HorseSex>
		<DamName>Alexandrite</DamName>
		<DamDamName>AGUADILLA</DamDamName>
		<SireName>Karakontie (JPN</SireName>
		<OfficialPosition></OfficialPosition>
		<RaceNumber></RaceNumber>
		<RaceType></RaceType>
		<Grade></Grade>
		<RaceDate></RaceDate>
		<TrackName></TrackName>
		<UpdPosition></UpdPosition>
		<Generation>2</Generation>
		<Earnings>114,218</Earnings>
		<BlackType>Y</BlackType>
		<WhiteType>N</WhiteType>
		<UpdateLink></UpdateLink>
+    .  .  Vintage Ready (2017 f. by More Than Ready). 4 wins at 3 and 4, placed at 5, 2022, $65,546.
		<hip>10</hip>
		<SaleEntryCode>PH23</SaleEntryCode>
		<SaleCode>FTFEB</SaleCode>
		<SaleName>FT FEB MIXED 21</SaleName>
		<HorseName>Vintage Ready</HorseName>
		<HorseYOB>2017</HorseYOB>
		<HorseSex>f</HorseSex>
		<DamName>**Duff One**</DamName>
		<DamDamName></DamDamName>
		<SireName>More Than Ready</SireName>
		<OfficialPosition></OfficialPosition>
		<RaceNumber></RaceNumber>
		<RaceType></RaceType>
		<Grade></Grade>
		<RaceDate></RaceDate>
		<TrackName></TrackName>
		<UpdPosition></UpdPosition>
		<Generation>3</Generation>
		<Earnings>65,546</Earnings>
		<BlackType>N</BlackType>
		<WhiteType>Y</WhiteType>
		<UpdateLink></UpdateLink>
+    .  .  Frills (2016 f. by Candy Ride (ARG)). 10 wins, 4 to 6, 2022, $270,530.
		<hip>10</hip>
		<SaleEntryCode>PH23</SaleEntryCode>
		<SaleCode>FTFEB</SaleCode>
		<SaleName>FT FEB MIXED 21</SaleName>
		<HorseName>Frills</HorseName>
		<HorseYOB>2016</HorseYOB>
		<HorseSex>f</HorseSex>
		<DamName>None</DamName>
		<DamDamName></DamDamName>
		<SireName>Candy Ride (ARG</SireName>
		<OfficialPosition></OfficialPosition>
		<RaceNumber></RaceNumber>
		<RaceType></RaceType>
		<Grade></Grade>
		<RaceDate></RaceDate>
		<TrackName></TrackName>
		<UpdPosition></UpdPosition>
		<Generation>3</Generation>
		<Earnings>270,530</Earnings>
		<BlackType>N</BlackType>
		<WhiteType>Y</WhiteType>
		<UpdateLink></UpdateLink>
+    .  .  Nu Pi Lambda (2017 f. by City Zip). Winner at 3, placed at 5, 2022, $163,300.
		<hip>10</hip>
		<SaleEntryCode>PH23</SaleEntryCode>
		<SaleCode>FTFEB</SaleCode>
		<SaleName>FT FEB MIXED 21</SaleName>
		<HorseName>Nu Pi Lambda</HorseName>
		<HorseYOB>2017</HorseYOB>
		<HorseSex>f</HorseSex>
		<DamName>None</DamName>
		<DamDamName></DamDamName>
		<SireName>City Zip</SireName>
		<OfficialPosition></OfficialPosition>
		<RaceNumber></RaceNumber>
		<RaceType></RaceType>
		<Grade></Grade>
		<RaceDate></RaceDate>
		<TrackName></TrackName>
		<UpdPosition></UpdPosition>
		<Generation>3</Generation>
		<Earnings>163,300</Earnings>
		<BlackType>N</BlackType>
		<WhiteType>Y</WhiteType>
		<UpdateLink></UpdateLink>
+    .  .  Arrow Shape (2019 f. by Adios Charlie). Winner at 2 and 3, 2022, $76,840.
		<hip>10</hip>
		<SaleEntryCode>PH23</SaleEntryCode>
		<SaleCode>FTFEB</SaleCode>
		<SaleName>FT FEB MIXED 21</SaleName>
		<HorseName>Arrow Shape</HorseName>
		<HorseYOB>2019</HorseYOB>
		<HorseSex>f</HorseSex>
		<DamName>Abbeville</DamName>
		<DamDamName></DamDamName>
		<SireName>Adios Charlie</SireName>
		<OfficialPosition></OfficialPosition>
		<RaceNumber></RaceNumber>
		<RaceType></RaceType>
		<Grade></Grade>
		<RaceDate></RaceDate>
		<TrackName></TrackName>
		<UpdPosition></UpdPosition>
		<Generation>3</Generation>
		<Earnings>76,840</Earnings>
		<BlackType>N</BlackType>
		<WhiteType>Y</WhiteType>
		<UpdateLink></UpdateLink>
+    .  .  Karenville (2018 f. by Verrazano). 2 wins at 3, placed at 4, 2022, $51,740.
		<hip>10</hip>
		<SaleEntryCode>PH23</SaleEntryCode>
		<SaleCode>FTFEB</SaleCode>
		<SaleName>FT FEB MIXED 21</SaleName>
		<HorseName>Karenville</HorseName>
		<HorseYOB>2018</HorseYOB>
		<HorseSex>f</HorseSex>
		<DamName>Abbeville</DamName>
		<DamDamName></DamDamName>
		<SireName>Verrazano</SireName>
		<OfficialPosition></OfficialPosition>
		<RaceNumber></RaceNumber>
		<RaceType></RaceType>
		<Grade></Grade>
		<RaceDate></RaceDate>
		<TrackName></TrackName>
		<UpdPosition></UpdPosition>
		<Generation>3</Generation>
		<Earnings>51,740</Earnings>
		<BlackType>N</BlackType>
		<WhiteType>Y</WhiteType>
		<UpdateLink></UpdateLink>
	</update>
</FasigTiptonUpdates>
</FasigTiptonSalesServices>