<?xml version="1.0" encoding="UTF-8"?>
<FasigTiptonSalesServices>
<Service>saleUpdates</Service>
<FasigTiptonUpdates>
	<Update>
+    .  Al Murqab (2018 c. by Exaggerator). Winner at 3, placed at 4, 2022, 105,882 Dirhams, in United Arab Emirates; winner at 4, placed at 5, 2023, 234,700 Riyals, in Saudi Arabia. Sent from United States to United Arab Emirates in 2020. (Total: $91,419).
		<hip>113</hip>
		<SaleEntryCode>PH23</SaleEntryCode>
		<SaleCode>FTFEB</SaleCode>
		<SaleName>FT FEB MIXED 21</SaleName>
		<HorseName>Al Murqab</HorseName>
		<HorseYOB>2018</HorseYOB>
		<HorseSex>c</HorseSex>
		<DamName>Senses of Emirates</DamName>
		<DamDamName>**HARMONY LODGE**</DamDamName>
		<SireName>Exaggerator</SireName>
		<OfficialPosition></OfficialPosition>
		<RaceNumber></RaceNumber>
		<RaceType></RaceType>
		<Grade></Grade>
		<RaceDate></RaceDate>
		<TrackName></TrackName>
		<UpdPosition></UpdPosition>
		<Generation>2</Generation>
		<Earnings>91,419</Earnings>
		<BlackType>N</BlackType>
		<WhiteType>Y</WhiteType>
		<UpdateLink></UpdateLink>
	</update>
</FasigTiptonUpdates>
</FasigTiptonSalesServices>