<?xml version="1.0" encoding="UTF-8"?>
<FasigTiptonSalesServices>
<Service>saleUpdates</Service>
<FasigTiptonUpdates>
	<Update>
+    **PIONEER SPIRIT** (2013 c. by Malibu Moon). 14 wins, 4 to 9, 2022, $1,016,049, in N.A./U.S., 1st Michael G. Schaefer Memorial S. [L] (IND, $60,000), Michael G. Schaefer Memorial S. [L] (IND, $58,200), Fifth Season S. [L] (OP, $60,000), Tenacious S. (FG, $46,500), 3rd Oaklawn H. **[G2]** (OP, $75,000), Essex H. [L] (OP, $35,000), Delta Mile S. [L] (DED, $10,000), Oaklawn Mile S. (OP, $25,000), Evangeline Mile S. (EVD, $10,000), Tenacious S. (FG, $7,500); placed in 2 starts at 8, $4,070, in Canada. (Total: $1,019,276).
		<hip>118</hip>
		<SaleEntryCode>PH23</SaleEntryCode>
		<SaleCode>FTFEB</SaleCode>
		<SaleName>FT FEB MIXED 21</SaleName>
		<HorseName>PIONEER SPIRIT**</HorseName>
		<HorseYOB>2013</HorseYOB>
		<HorseSex>c</HorseSex>
		<DamName>HAFIFAH</DamName>
		<DamDamName></DamDamName>
		<SireName>Malibu Moon</SireName>
		<OfficialPosition></OfficialPosition>
		<RaceNumber></RaceNumber>
		<RaceType></RaceType>
		<Grade></Grade>
		<RaceDate></RaceDate>
		<TrackName></TrackName>
		<UpdPosition></UpdPosition>
		<Generation>1</Generation>
		<Earnings>1,019,276</Earnings>
		<BlackType>Y</BlackType>
		<WhiteType>N</WhiteType>
		<UpdateLink></UpdateLink>
+    .  .  Brew Casa (2016 f. by Emcee). 7 wins, 2 to 6, 2022, $153,185.
		<hip>118</hip>
		<SaleEntryCode>PH23</SaleEntryCode>
		<SaleCode>FTFEB</SaleCode>
		<SaleName>FT FEB MIXED 21</SaleName>
		<HorseName>Brew Casa</HorseName>
		<HorseYOB>2016</HorseYOB>
		<HorseSex>f</HorseSex>
		<DamName>Holiday Peace</DamName>
		<DamDamName></DamDamName>
		<SireName>Emcee</SireName>
		<OfficialPosition></OfficialPosition>
		<RaceNumber></RaceNumber>
		<RaceType></RaceType>
		<Grade></Grade>
		<RaceDate></RaceDate>
		<TrackName></TrackName>
		<UpdPosition></UpdPosition>
		<Generation>3</Generation>
		<Earnings>153,185</Earnings>
		<BlackType>N</BlackType>
		<WhiteType>Y</WhiteType>
		<UpdateLink></UpdateLink>
+    .  .  Chutzpah (2015 f. by Emcee). Winner at 3 and 4, placed at 7, 2022, $59,366.
		<hip>118</hip>
		<SaleEntryCode>PH23</SaleEntryCode>
		<SaleCode>FTFEB</SaleCode>
		<SaleName>FT FEB MIXED 21</SaleName>
		<HorseName>Chutzpah</HorseName>
		<HorseYOB>2015</HorseYOB>
		<HorseSex>f</HorseSex>
		<DamName>Holiday Peace</DamName>
		<DamDamName></DamDamName>
		<SireName>Emcee</SireName>
		<OfficialPosition></OfficialPosition>
		<RaceNumber></RaceNumber>
		<RaceType></RaceType>
		<Grade></Grade>
		<RaceDate></RaceDate>
		<TrackName></TrackName>
		<UpdPosition></UpdPosition>
		<Generation>3</Generation>
		<Earnings>59,366</Earnings>
		<BlackType>N</BlackType>
		<WhiteType>Y</WhiteType>
		<UpdateLink></UpdateLink>
	</update>
</FasigTiptonUpdates>
</FasigTiptonSalesServices>