<?xml version="1.0" encoding="UTF-8"?>
<FasigTiptonSalesServices>
<Service>saleUpdates</Service>
<FasigTiptonUpdates>
	<Update>
+    Expensive Liaison (2020 f. by Liaison). Winner at 2, placed at 3, 2023, $32,935.
		<hip>132</hip>
		<SaleEntryCode>PH23</SaleEntryCode>
		<SaleCode>FTFEB</SaleCode>
		<SaleName>FT FEB MIXED 21</SaleName>
		<HorseName>Expensive Liaison</HorseName>
		<HorseYOB>2020</HorseYOB>
		<HorseSex>f</HorseSex>
		<DamName>HIGH PRICE HIT</DamName>
		<DamDamName></DamDamName>
		<SireName>Liaison</SireName>
		<OfficialPosition></OfficialPosition>
		<RaceNumber></RaceNumber>
		<RaceType></RaceType>
		<Grade></Grade>
		<RaceDate></RaceDate>
		<TrackName></TrackName>
		<UpdPosition></UpdPosition>
		<Generation>1</Generation>
		<Earnings>32,935</Earnings>
		<BlackType>N</BlackType>
		<WhiteType>Y</WhiteType>
		<UpdateLink></UpdateLink>
	</update>
</FasigTiptonUpdates>
</FasigTiptonSalesServices>