<?xml version="1.0" encoding="UTF-8"?>
<FasigTiptonSalesServices>
<Service>saleUpdates</Service>
<FasigTiptonUpdates>
	<Update>
+    **On The Warpath (GB)** (2015 g. by Declaration of War). 4 wins, 2 to 5, 63,435 Pounds, in England, 3rd Betway Golden Rose S. [L]; winner at 4, placed at 7, 2022, 699,682 Dirhams, in United Arab Emirates, 3rd Riviera By Azizi Dubawi S. **[G3]**. Sent from Great Britain to United States in 2016. Sent from United States to Great Britain in 2016. (Total: $274,294).
		<hip>136</hip>
		<SaleEntryCode>PH23</SaleEntryCode>
		<SaleCode>FTFEB</SaleCode>
		<SaleName>FT FEB MIXED 21</SaleName>
		<HorseName>On The Warpath</HorseName>
		<HorseYOB>2015</HorseYOB>
		<HorseSex>g</HorseSex>
		<DamName>**ELUSIVE PEARL**</DamName>
		<DamDamName></DamDamName>
		<SireName>Declaration of War</SireName>
		<OfficialPosition></OfficialPosition>
		<RaceNumber></RaceNumber>
		<RaceType></RaceType>
		<Grade></Grade>
		<RaceDate></RaceDate>
		<TrackName></TrackName>
		<UpdPosition></UpdPosition>
		<Generation>1</Generation>
		<Earnings>274,294</Earnings>
		<BlackType>Y</BlackType>
		<WhiteType>N</WhiteType>
		<UpdateLink></UpdateLink>
	</update>
</FasigTiptonUpdates>
</FasigTiptonSalesServices>