<?xml version="1.0" encoding="UTF-8"?>
<FasigTiptonSalesServices>
<Service>saleUpdates</Service>
<FasigTiptonUpdates>
	<Update>
+ ROUTINE, by Empire Maker. Unraced. Half-sister to **=SPIRIT RIDGE (GB)** (Total: $519,951, 1st Brisbane For 2032 Premiers Cup **[G3]**, etc.). Dam of 9 foals, 6 to race, 4 winners--
		<hip>143</hip>
		<SaleEntryCode>PH23</SaleEntryCode>
		<SaleCode>FTFEB</SaleCode>
		<SaleName>FT FEB MIXED 21</SaleName>
		<HorseName>ROUTINE</HorseName>
		<HorseYOB>2032</HorseYOB>
		<HorseSex>f</HorseSex>
		<DamName></DamName>
		<DamDamName></DamDamName>
		<SireName>Empire Maker</SireName>
		<OfficialPosition></OfficialPosition>
		<RaceNumber></RaceNumber>
		<RaceType></RaceType>
		<Grade></Grade>
		<RaceDate></RaceDate>
		<TrackName></TrackName>
		<UpdPosition></UpdPosition>
		<Generation>Primary</Generation>
		<Earnings>519,951</Earnings>
		<BlackType>Y</BlackType>
		<WhiteType>N</WhiteType>
		<UpdateLink></UpdateLink>
	</update>
</FasigTiptonUpdates>
</FasigTiptonSalesServices>