<?xml version="1.0" encoding="UTF-8"?>
<FasigTiptonSalesServices>
<Service>saleUpdates</Service>
<FasigTiptonUpdates>
	<Update>
+    **TRIPOLI** (2017 c. by Kitten's Joy). 4 wins at 3 and 4, placed at 5, 2022, $924,460, 1st TVG Pacific Classic S. **[G1]** (DMR, $600,000), 2nd San Diego H. **[G2]** (DMR, $50,000).
		<hip>164</hip>
		<SaleEntryCode>PH23</SaleEntryCode>
		<SaleCode>FTFEB</SaleCode>
		<SaleName>FT FEB MIXED 21</SaleName>
		<HorseName>TRIPOLI**</HorseName>
		<HorseYOB>2017</HorseYOB>
		<HorseSex>c</HorseSex>
		<DamName>**Love Train**</DamName>
		<DamDamName></DamDamName>
		<SireName>Kitten's Joy</SireName>
		<OfficialPosition></OfficialPosition>
		<RaceNumber></RaceNumber>
		<RaceType></RaceType>
		<Grade></Grade>
		<RaceDate></RaceDate>
		<TrackName></TrackName>
		<UpdPosition></UpdPosition>
		<Generation>1</Generation>
		<Earnings>924,460</Earnings>
		<BlackType>Y</BlackType>
		<WhiteType>N</WhiteType>
		<UpdateLink></UpdateLink>
+    .  **Parnelli** (2018 c. by Quality Road). 3 wins at 2 and 4, placed at 5, 2023, $213,320, 3rd San Pasqual S. **[G2]** (SA, $24,000), Sham S. **[G3]** (SA, $12,000), California Derby [L] (GG, $12,000).
		<hip>164</hip>
		<SaleEntryCode>PH23</SaleEntryCode>
		<SaleCode>FTFEB</SaleCode>
		<SaleName>FT FEB MIXED 21</SaleName>
		<HorseName>Parnelli**</HorseName>
		<HorseYOB>2018</HorseYOB>
		<HorseSex>c</HorseSex>
		<DamName>Sip Sip</DamName>
		<DamDamName>**TOUCH LOVE**</DamDamName>
		<SireName>Quality Road</SireName>
		<OfficialPosition></OfficialPosition>
		<RaceNumber></RaceNumber>
		<RaceType></RaceType>
		<Grade></Grade>
		<RaceDate></RaceDate>
		<TrackName></TrackName>
		<UpdPosition></UpdPosition>
		<Generation>2</Generation>
		<Earnings>213,320</Earnings>
		<BlackType>Y</BlackType>
		<WhiteType>N</WhiteType>
		<UpdateLink></UpdateLink>
	</update>
</FasigTiptonUpdates>
</FasigTiptonSalesServices>