<?xml version="1.0" encoding="UTF-8"?>
<FasigTiptonSalesServices>
<Service>saleUpdates</Service>
<FasigTiptonUpdates>
	<Update>
+    .  =Justaucorps (GB) (2018 c. by =Shalaa (IRE)). Winner at 2 and 4, 2022, 35,302,000 Yen, in Japan. (Total: $301,020).
		<hip>18</hip>
		<SaleEntryCode>PH23</SaleEntryCode>
		<SaleCode>FTFEB</SaleCode>
		<SaleName>FT FEB MIXED 21</SaleName>
		<HorseName>Justaucorps</HorseName>
		<HorseYOB>2018</HorseYOB>
		<HorseSex>c</HorseSex>
		<DamName>**=JEMAYEL</DamName>
		<DamDamName>**Nawal (FR)**</DamDamName>
		<SireName>=Shalaa (IRE</SireName>
		<OfficialPosition></OfficialPosition>
		<RaceNumber></RaceNumber>
		<RaceType></RaceType>
		<Grade></Grade>
		<RaceDate></RaceDate>
		<TrackName></TrackName>
		<UpdPosition></UpdPosition>
		<Generation>2</Generation>
		<Earnings>301,020</Earnings>
		<BlackType>N</BlackType>
		<WhiteType>Y</WhiteType>
		<UpdateLink></UpdateLink>
+    .  .  Da Candy Cane (2019 f. by Da Stoops). 2 wins in 3 starts at 3, 2022, $56,328.
		<hip>18</hip>
		<SaleEntryCode>PH23</SaleEntryCode>
		<SaleCode>FTFEB</SaleCode>
		<SaleName>FT FEB MIXED 21</SaleName>
		<HorseName>Da Candy Cane</HorseName>
		<HorseYOB>2019</HorseYOB>
		<HorseSex>f</HorseSex>
		<DamName>Cajun Candy</DamName>
		<DamDamName></DamDamName>
		<SireName>Da Stoops</SireName>
		<OfficialPosition></OfficialPosition>
		<RaceNumber></RaceNumber>
		<RaceType></RaceType>
		<Grade></Grade>
		<RaceDate></RaceDate>
		<TrackName></TrackName>
		<UpdPosition></UpdPosition>
		<Generation>3</Generation>
		<Earnings>56,328</Earnings>
		<BlackType>N</BlackType>
		<WhiteType>Y</WhiteType>
		<UpdateLink></UpdateLink>
+    .  Cousin Andrew (2017 g. by Into Mischief). Winner at 4 and 5, placed at 6, 2023, $153,620.
		<hip>18</hip>
		<SaleEntryCode>PH23</SaleEntryCode>
		<SaleCode>FTFEB</SaleCode>
		<SaleName>FT FEB MIXED 21</SaleName>
		<HorseName>Cousin Andrew</HorseName>
		<HorseYOB>2017</HorseYOB>
		<HorseSex>g</HorseSex>
		<DamName>Vegas Trip</DamName>
		<DamDamName>**Nawal (FR)**</DamDamName>
		<SireName>Into Mischief</SireName>
		<OfficialPosition></OfficialPosition>
		<RaceNumber></RaceNumber>
		<RaceType></RaceType>
		<Grade></Grade>
		<RaceDate></RaceDate>
		<TrackName></TrackName>
		<UpdPosition></UpdPosition>
		<Generation>2</Generation>
		<Earnings>153,620</Earnings>
		<BlackType>N</BlackType>
		<WhiteType>Y</WhiteType>
		<UpdateLink></UpdateLink>
+    .  .  Bebop Baby (2018 f. by Too Much Bling). 6 wins, 2 to 4, 2022, $130,872.
		<hip>18</hip>
		<SaleEntryCode>PH23</SaleEntryCode>
		<SaleCode>FTFEB</SaleCode>
		<SaleName>FT FEB MIXED 21</SaleName>
		<HorseName>Bebop Baby</HorseName>
		<HorseYOB>2018</HorseYOB>
		<HorseSex>f</HorseSex>
		<DamName>Conquest Bebop</DamName>
		<DamDamName></DamDamName>
		<SireName>(2018 f</SireName>
		<OfficialPosition></OfficialPosition>
		<RaceNumber></RaceNumber>
		<RaceType></RaceType>
		<Grade></Grade>
		<RaceDate></RaceDate>
		<TrackName></TrackName>
		<UpdPosition></UpdPosition>
		<Generation>3</Generation>
		<Earnings>130,872</Earnings>
		<BlackType>N</BlackType>
		<WhiteType>Y</WhiteType>
		<UpdateLink></UpdateLink>
+    .  .  Ima Big Bopper (2019 g. by My Golden Song). 2 wins at 3, 2022, $50,416.
		<hip>18</hip>
		<SaleEntryCode>PH23</SaleEntryCode>
		<SaleCode>FTFEB</SaleCode>
		<SaleName>FT FEB MIXED 21</SaleName>
		<HorseName>Ima Big Bopper</HorseName>
		<HorseYOB>2019</HorseYOB>
		<HorseSex>g</HorseSex>
		<DamName>Conquest Bebop</DamName>
		<DamDamName></DamDamName>
		<SireName>My Golden Song</SireName>
		<OfficialPosition></OfficialPosition>
		<RaceNumber></RaceNumber>
		<RaceType></RaceType>
		<Grade></Grade>
		<RaceDate></RaceDate>
		<TrackName></TrackName>
		<UpdPosition></UpdPosition>
		<Generation>3</Generation>
		<Earnings>50,416</Earnings>
		<BlackType>N</BlackType>
		<WhiteType>Y</WhiteType>
		<UpdateLink></UpdateLink>
	</update>
</FasigTiptonUpdates>
</FasigTiptonSalesServices>