<?xml version="1.0" encoding="UTF-8"?>
<FasigTiptonSalesServices>
<Service>saleUpdates</Service>
<FasigTiptonUpdates>
	<Update>
+    .  **ADVENTURING** (2018 f. by Pioneerof the Nile). 5 wins at 3 and 4, placed at 5, 2023, $881,715, in N.A./U.S., 1st AGS Ladies Marathon S. **[G3]** (KD, $327,360), Exacta Systems Dueling Grounds Oaks [L] (KD, $303,800), Bourbonette Oaks [L] (TP, $88,350), West Virginia Senate President's Cup S. (MNR, $45,675), 3rd Cardinal S. **[G3]** (CD, $29,000), Rubicon Valley View S. **[G3]** (KEE, $15,000), La Prevoyante S. presented by Don Julio **[G3]** (GP, $14,700), Kentucky Downs TVG Preview Dueling Grounds Oaks (ELP, $9,700); unplaced in 1 start, $37,500, in Canada. (Total: $909,022).
		<hip>180</hip>
		<SaleEntryCode>PH23</SaleEntryCode>
		<SaleCode>FTFEB</SaleCode>
		<SaleName>FT FEB MIXED 21</SaleName>
		<HorseName>ADVENTURING**</HorseName>
		<HorseYOB>2018</HorseYOB>
		<HorseSex>f</HorseSex>
		<DamName>**QUESTING</DamName>
		<DamDamName>**CHERCHEUSE**</DamDamName>
		<SireName>Pioneerof the Nile</SireName>
		<OfficialPosition></OfficialPosition>
		<RaceNumber></RaceNumber>
		<RaceType></RaceType>
		<Grade></Grade>
		<RaceDate></RaceDate>
		<TrackName></TrackName>
		<UpdPosition></UpdPosition>
		<Generation>2</Generation>
		<Earnings>909,022</Earnings>
		<BlackType>Y</BlackType>
		<WhiteType>N</WhiteType>
		<UpdateLink></UpdateLink>
+    .  **Cover Version** (2015 f. by Medaglia d'Oro). 5 wins, 5 to 7, 2022, $240,164, in N.A./U.S., 2nd Carousel S. (LRL, $20,000), 3rd Rancho Bernardo H. **[G3]** (DMR, $18,000); placed at 3, 6,100 Euro, in France. Sent from United States to Great Britain in 2016. Returned to United States from France in 2019. (Total: $247,238).
		<hip>180</hip>
		<SaleEntryCode>PH23</SaleEntryCode>
		<SaleCode>FTFEB</SaleCode>
		<SaleName>FT FEB MIXED 21</SaleName>
		<HorseName>Cover Version**</HorseName>
		<HorseYOB>2015</HorseYOB>
		<HorseSex>f</HorseSex>
		<DamName>Vaguely Familiar</DamName>
		<DamDamName>**CHERCHEUSE**</DamDamName>
		<SireName>Medaglia d'Oro</SireName>
		<OfficialPosition></OfficialPosition>
		<RaceNumber></RaceNumber>
		<RaceType></RaceType>
		<Grade></Grade>
		<RaceDate></RaceDate>
		<TrackName></TrackName>
		<UpdPosition></UpdPosition>
		<Generation>2</Generation>
		<Earnings>247,238</Earnings>
		<BlackType>Y</BlackType>
		<WhiteType>N</WhiteType>
		<UpdateLink></UpdateLink>
	</update>
</FasigTiptonUpdates>
</FasigTiptonSalesServices>