<?xml version="1.0" encoding="UTF-8"?>
<FasigTiptonSalesServices>
<Service>saleUpdates</Service>
<FasigTiptonUpdates>
	<Update>
+    Smart Aegis (2016 c. by Animal Kingdom). 6 wins in 12 starts, 4 to 6, placed at 7, 2023, 6,049,000 Yen, in Japan. Sent from United States to Japan in 2017. (Total: $48,909).
		<hip>183</hip>
		<SaleEntryCode>PH23</SaleEntryCode>
		<SaleCode>FTFEB</SaleCode>
		<SaleName>FT FEB MIXED 21</SaleName>
		<HorseName>Smart Aegis</HorseName>
		<HorseYOB>2016</HorseYOB>
		<HorseSex>c</HorseSex>
		<DamName>THAT'S HOT</DamName>
		<DamDamName></DamDamName>
		<SireName>Animal Kingdom</SireName>
		<OfficialPosition></OfficialPosition>
		<RaceNumber></RaceNumber>
		<RaceType></RaceType>
		<Grade></Grade>
		<RaceDate></RaceDate>
		<TrackName></TrackName>
		<UpdPosition></UpdPosition>
		<Generation>1</Generation>
		<Earnings>48,909</Earnings>
		<BlackType>N</BlackType>
		<WhiteType>Y</WhiteType>
		<UpdateLink></UpdateLink>
+    .  Java Buzz (2019 g. by Mshawish). Winner at 3, placed at 4, 2023, $154,840.
		<hip>183</hip>
		<SaleEntryCode>PH23</SaleEntryCode>
		<SaleCode>FTFEB</SaleCode>
		<SaleName>FT FEB MIXED 21</SaleName>
		<HorseName>Java Buzz</HorseName>
		<HorseYOB>2019</HorseYOB>
		<HorseSex>g</HorseSex>
		<DamName>Agasaya</DamName>
		<DamDamName>THAT'S HOT</DamDamName>
		<SireName>Mshawish</SireName>
		<OfficialPosition></OfficialPosition>
		<RaceNumber></RaceNumber>
		<RaceType></RaceType>
		<Grade></Grade>
		<RaceDate></RaceDate>
		<TrackName></TrackName>
		<UpdPosition></UpdPosition>
		<Generation>2</Generation>
		<Earnings>154,840</Earnings>
		<BlackType>N</BlackType>
		<WhiteType>Y</WhiteType>
		<UpdateLink></UpdateLink>
	</update>
</FasigTiptonUpdates>
</FasigTiptonSalesServices>