<?xml version="1.0" encoding="UTF-8"?>
<FasigTiptonSalesServices>
<Service>saleUpdates</Service>
<FasigTiptonUpdates>
	<Update>
+    **PIONEER SPIRIT** (2013 c. by Malibu Moon). 14 wins, 4 to 9, 2022, $1,016,049, in N.A./U.S., 1st Michael G. Schaefer Memorial S. [L] (IND, $60,000), Michael G. Schaefer Memorial S. [L] (IND, $58,200), Fifth Season S. [L] (OP, $60,000), Tenacious S. (FG, $46,500), 3rd Oaklawn H. **[G2]** (OP, $75,000), Essex H. [L] (OP, $35,000), Delta Mile S. [L] (DED, $10,000), Oaklawn Mile S. (OP, $25,000), Evangeline Mile S. (EVD, $10,000), Tenacious S. (FG, $7,500); placed in 2 starts at 8, $4,070, in Canada. (Total: $1,019,276).
		<hip>194</hip>
		<SaleEntryCode>PH23</SaleEntryCode>
		<SaleCode>FTFEB</SaleCode>
		<SaleName>FT FEB MIXED 21</SaleName>
		<HorseName>PIONEER SPIRIT**</HorseName>
		<HorseYOB>2013</HorseYOB>
		<HorseSex>c</HorseSex>
		<DamName>HAFIFAH</DamName>
		<DamDamName></DamDamName>
		<SireName>Malibu Moon</SireName>
		<OfficialPosition></OfficialPosition>
		<RaceNumber></RaceNumber>
		<RaceType></RaceType>
		<Grade></Grade>
		<RaceDate></RaceDate>
		<TrackName></TrackName>
		<UpdPosition></UpdPosition>
		<Generation>1</Generation>
		<Earnings>1,019,276</Earnings>
		<BlackType>Y</BlackType>
		<WhiteType>N</WhiteType>
		<UpdateLink></UpdateLink>
	</update>
</FasigTiptonUpdates>
</FasigTiptonSalesServices>