<?xml version="1.0" encoding="UTF-8"?>
<FasigTiptonSalesServices>
<Service>saleUpdates</Service>
<FasigTiptonUpdates>
	<Update>
+    .  It's Mandatory (2017 g. by Strong Mandate). 4 wins, 3 to 5, placed at 6, 2023, $120,250.
		<hip>211</hip>
		<SaleEntryCode>PH23</SaleEntryCode>
		<SaleCode>FTFEB</SaleCode>
		<SaleName>FT FEB MIXED 21</SaleName>
		<HorseName>It's Mandatory</HorseName>
		<HorseYOB>2017</HorseYOB>
		<HorseSex>g</HorseSex>
		<DamName>High Wire</DamName>
		<DamDamName>**Awe That**</DamDamName>
		<SireName>Strong Mandate</SireName>
		<OfficialPosition></OfficialPosition>
		<RaceNumber></RaceNumber>
		<RaceType></RaceType>
		<Grade></Grade>
		<RaceDate></RaceDate>
		<TrackName></TrackName>
		<UpdPosition></UpdPosition>
		<Generation>2</Generation>
		<Earnings>120,250</Earnings>
		<BlackType>N</BlackType>
		<WhiteType>Y</WhiteType>
		<UpdateLink></UpdateLink>
+    .  .  Thetruthisthetruth (2018 f. by Flat Out). 5 wins at 3 and 4, 2022, $95,784.
		<hip>211</hip>
		<SaleEntryCode>PH23</SaleEntryCode>
		<SaleCode>FTFEB</SaleCode>
		<SaleName>FT FEB MIXED 21</SaleName>
		<HorseName>Thetruthisthetruth</HorseName>
		<HorseYOB>2018</HorseYOB>
		<HorseSex>f</HorseSex>
		<DamName>Posse Up</DamName>
		<DamDamName></DamDamName>
		<SireName>Flat Out</SireName>
		<OfficialPosition></OfficialPosition>
		<RaceNumber></RaceNumber>
		<RaceType></RaceType>
		<Grade></Grade>
		<RaceDate></RaceDate>
		<TrackName></TrackName>
		<UpdPosition></UpdPosition>
		<Generation>3</Generation>
		<Earnings>95,784</Earnings>
		<BlackType>N</BlackType>
		<WhiteType>Y</WhiteType>
		<UpdateLink></UpdateLink>
	</update>
</FasigTiptonUpdates>
</FasigTiptonSalesServices>