<?xml version="1.0" encoding="UTF-8"?>
<FasigTiptonSalesServices>
<Service>saleUpdates</Service>
<FasigTiptonUpdates>
	<Update>
+    **Sanad Libya** (2017 c. by Tapiture). 3 wins at 3 and 5, placed at 6, 2023, 353,564 Dirhams, in United Arab Emirates, 2nd Race Of Ambition Curlin S. [L]. Sent from United States to United Arab Emirates in 2019. (Total: $96,278).
		<hip>221</hip>
		<SaleEntryCode>PH23</SaleEntryCode>
		<SaleCode>FTFEB</SaleCode>
		<SaleName>FT FEB MIXED 21</SaleName>
		<HorseName>Sanad Libya**</HorseName>
		<HorseYOB>2017</HorseYOB>
		<HorseSex>c</HorseSex>
		<DamName>**I WANT TO DUST HER**</DamName>
		<DamDamName></DamDamName>
		<SireName>Tapiture</SireName>
		<OfficialPosition></OfficialPosition>
		<RaceNumber></RaceNumber>
		<RaceType></RaceType>
		<Grade></Grade>
		<RaceDate></RaceDate>
		<TrackName></TrackName>
		<UpdPosition></UpdPosition>
		<Generation>1</Generation>
		<Earnings>96,278</Earnings>
		<BlackType>Y</BlackType>
		<WhiteType>N</WhiteType>
		<UpdateLink></UpdateLink>
	</update>
</FasigTiptonUpdates>
</FasigTiptonSalesServices>