<?xml version="1.0" encoding="UTF-8"?>
<FasigTiptonSalesServices>
<Service>saleUpdates</Service>
<FasigTiptonUpdates>
	<Update>
+    **Miss Shipman** (2020 f. by Midshipman). Winner at 2, 2022, $49,250, 3rd Letellier Memorial S. (FG, $10,000).
		<hip>232</hip>
		<SaleEntryCode>PH23</SaleEntryCode>
		<SaleCode>FTFEB</SaleCode>
		<SaleName>FT FEB MIXED 21</SaleName>
		<HorseName>Miss Shipman**</HorseName>
		<HorseYOB>2020</HorseYOB>
		<HorseSex>f</HorseSex>
		<DamName>KALISTOGA GIRL</DamName>
		<DamDamName></DamDamName>
		<SireName>Midshipman</SireName>
		<OfficialPosition></OfficialPosition>
		<RaceNumber></RaceNumber>
		<RaceType></RaceType>
		<Grade></Grade>
		<RaceDate></RaceDate>
		<TrackName></TrackName>
		<UpdPosition></UpdPosition>
		<Generation>1</Generation>
		<Earnings>49,250</Earnings>
		<BlackType>Y</BlackType>
		<WhiteType>N</WhiteType>
		<UpdateLink></UpdateLink>
+    Weegee (2018 g. by Gio Ponti). 3 wins at 4, placed at 5, 2023, $90,380.
		<hip>232</hip>
		<SaleEntryCode>PH23</SaleEntryCode>
		<SaleCode>FTFEB</SaleCode>
		<SaleName>FT FEB MIXED 21</SaleName>
		<HorseName>Weegee</HorseName>
		<HorseYOB>2018</HorseYOB>
		<HorseSex>g</HorseSex>
		<DamName>KALISTOGA GIRL</DamName>
		<DamDamName></DamDamName>
		<SireName>Gio Ponti</SireName>
		<OfficialPosition></OfficialPosition>
		<RaceNumber></RaceNumber>
		<RaceType></RaceType>
		<Grade></Grade>
		<RaceDate></RaceDate>
		<TrackName></TrackName>
		<UpdPosition></UpdPosition>
		<Generation>1</Generation>
		<Earnings>90,380</Earnings>
		<BlackType>N</BlackType>
		<WhiteType>Y</WhiteType>
		<UpdateLink></UpdateLink>
	</update>
</FasigTiptonUpdates>
</FasigTiptonSalesServices>