<?xml version="1.0" encoding="UTF-8"?>
<FasigTiptonSalesServices>
<Service>saleUpdates</Service>
<FasigTiptonUpdates>
	<Update>
+    **LOOKIN FOR EIGHT** (2014 g. by Lookin At Lucky). 8 wins, 3 to 8, 2022, $300,248, in N.A./U.S.; winner at 4 and 5, $128,141, in Canada, 1st Durham Cup S. **[G3]** (WO, $78,750). (Total: $398,834).
		<hip>258</hip>
		<SaleEntryCode>PH23</SaleEntryCode>
		<SaleCode>FTFEB</SaleCode>
		<SaleName>FT FEB MIXED 21</SaleName>
		<HorseName>LOOKIN FOR EIGHT**</HorseName>
		<HorseYOB>2014</HorseYOB>
		<HorseSex>g</HorseSex>
		<DamName>SOMALIA</DamName>
		<DamDamName></DamDamName>
		<SireName>Lookin At Lucky</SireName>
		<OfficialPosition></OfficialPosition>
		<RaceNumber></RaceNumber>
		<RaceType></RaceType>
		<Grade></Grade>
		<RaceDate></RaceDate>
		<TrackName></TrackName>
		<UpdPosition></UpdPosition>
		<Generation>1</Generation>
		<Earnings>398,834</Earnings>
		<BlackType>Y</BlackType>
		<WhiteType>N</WhiteType>
		<UpdateLink></UpdateLink>
	</update>
</FasigTiptonUpdates>
</FasigTiptonSalesServices>