<?xml version="1.0" encoding="UTF-8"?>
<FasigTiptonSalesServices>
<Service>saleUpdates</Service>
<FasigTiptonUpdates>
	<Update>
+    **MISS HARD KNOCKS** (2019 f. by Mr Speaker). 4 wins at 3, placed at 4, 2023, $136,511, 1st Island Fashion S. (SUN, $45,000), Borderplex S. (SUN, $39,000).
		<hip>278</hip>
		<SaleEntryCode>PH23</SaleEntryCode>
		<SaleCode>FTFEB</SaleCode>
		<SaleName>FT FEB MIXED 21</SaleName>
		<HorseName>MISS HARD KNOCKS**</HorseName>
		<HorseYOB>2019</HorseYOB>
		<HorseSex>f</HorseSex>
		<DamName>MISS HISSY FIT</DamName>
		<DamDamName></DamDamName>
		<SireName>Mr Speaker</SireName>
		<OfficialPosition></OfficialPosition>
		<RaceNumber></RaceNumber>
		<RaceType></RaceType>
		<Grade></Grade>
		<RaceDate></RaceDate>
		<TrackName></TrackName>
		<UpdPosition></UpdPosition>
		<Generation>1</Generation>
		<Earnings>136,511</Earnings>
		<BlackType>Y</BlackType>
		<WhiteType>N</WhiteType>
		<UpdateLink></UpdateLink>
+    .  **=Scotch and Soda (ARG)** (2016 c. by Luhuk). 7 wins, 2 to 6, 2022, 3,708,593 Pesos, in Argentina, 2nd Jockey Club de Venezuela [L]. (Total: $38,910).
		<hip>278</hip>
		<SaleEntryCode>PH23</SaleEntryCode>
		<SaleCode>FTFEB</SaleCode>
		<SaleName>FT FEB MIXED 21</SaleName>
		<HorseName>Scotch and Soda</HorseName>
		<HorseYOB>2016</HorseYOB>
		<HorseSex>c</HorseSex>
		<DamName>She's My Lady</DamName>
		<DamDamName>SHE'S FINE</DamDamName>
		<SireName>Luhuk</SireName>
		<OfficialPosition></OfficialPosition>
		<RaceNumber></RaceNumber>
		<RaceType></RaceType>
		<Grade></Grade>
		<RaceDate></RaceDate>
		<TrackName></TrackName>
		<UpdPosition></UpdPosition>
		<Generation>2</Generation>
		<Earnings>38,910</Earnings>
		<BlackType>Y</BlackType>
		<WhiteType>N</WhiteType>
		<UpdateLink></UpdateLink>
	</update>
</FasigTiptonUpdates>
</FasigTiptonSalesServices>