<?xml version="1.0" encoding="UTF-8"?>
<FasigTiptonSalesServices>
<Service>saleUpdates</Service>
<FasigTiptonUpdates>
	<Update>
+ RACE RECORD for Miss Speedy: In Canada. At 2, unraced; at 3, three wins (Duchess S. [L] (WO, $90,000)) in 4 starts; at 4, 2022, one win, once 3rd, . Totals: 4 wins, once 3rd in 7 starts. Earned  $262,758. In N.A./U.S. At 5, 2023, unplaced in 1 start; at 3, unplaced in 1 start. Earned $2,834. (Total: $206,310.)
		<hip>280</hip>
		<SaleEntryCode>PH23</SaleEntryCode>
		<SaleCode>FTFEB</SaleCode>
		<SaleName>FT FEB MIXED 21</SaleName>
		<HorseName>RACE RECORD for Miss Speedy: In Canada. At 2</HorseName>
		<HorseYOB>None</HorseYOB>
		<HorseSex></HorseSex>
		<DamName></DamName>
		<DamDamName></DamDamName>
		<SireName>None</SireName>
		<OfficialPosition></OfficialPosition>
		<RaceNumber></RaceNumber>
		<RaceType></RaceType>
		<Grade></Grade>
		<RaceDate></RaceDate>
		<TrackName></TrackName>
		<UpdPosition></UpdPosition>
		<Generation></Generation>
		<Earnings>206,310</Earnings>
		<BlackType>N</BlackType>
		<WhiteType>Y</WhiteType>
		<UpdateLink></UpdateLink>
	</update>
</FasigTiptonUpdates>
</FasigTiptonSalesServices>