<?xml version="1.0" encoding="UTF-8"?>
<FasigTiptonSalesServices>
<Service>saleUpdates</Service>
<FasigTiptonUpdates>
	<Update>
+    .  **Baladi** (2019 g. by Pioneerof the Nile). 3 wins at 2 and 3, placed at 4, 2023, $115,325, 3rd Arlington-Washington Futurity [L] (AP, $8,085).
		<hip>282</hip>
		<SaleEntryCode>PH23</SaleEntryCode>
		<SaleCode>FTFEB</SaleCode>
		<SaleName>FT FEB MIXED 21</SaleName>
		<HorseName>Baladi**</HorseName>
		<HorseYOB>2019</HorseYOB>
		<HorseSex>g</HorseSex>
		<DamName>**DANCING HOUSE**</DamName>
		<DamDamName>**TOUT CHARMANT**</DamDamName>
		<SireName>Pioneerof the Nile</SireName>
		<OfficialPosition></OfficialPosition>
		<RaceNumber></RaceNumber>
		<RaceType></RaceType>
		<Grade></Grade>
		<RaceDate></RaceDate>
		<TrackName></TrackName>
		<UpdPosition></UpdPosition>
		<Generation>2</Generation>
		<Earnings>115,325</Earnings>
		<BlackType>Y</BlackType>
		<WhiteType>N</WhiteType>
		<UpdateLink></UpdateLink>
+    **Journeyman** (2016 g. by Animal Kingdom). 4 wins, 3 to 6, placed at 7, 2023, $209,579, in N.A./U.S.; placed in 2 starts at 3, $51,750, in Canada, 2nd Canadian Derby **[G3]** (CTM, $43,000). (Total: $248,437).
		<hip>282</hip>
		<SaleEntryCode>PH23</SaleEntryCode>
		<SaleCode>FTFEB</SaleCode>
		<SaleName>FT FEB MIXED 21</SaleName>
		<HorseName>Journeyman**</HorseName>
		<HorseYOB>2016</HorseYOB>
		<HorseSex>g</HorseSex>
		<DamName>**TOUT CHARMANT**</DamName>
		<DamDamName></DamDamName>
		<SireName>Animal Kingdom</SireName>
		<OfficialPosition></OfficialPosition>
		<RaceNumber></RaceNumber>
		<RaceType></RaceType>
		<Grade></Grade>
		<RaceDate></RaceDate>
		<TrackName></TrackName>
		<UpdPosition></UpdPosition>
		<Generation>1</Generation>
		<Earnings>248,437</Earnings>
		<BlackType>Y</BlackType>
		<WhiteType>N</WhiteType>
		<UpdateLink></UpdateLink>
+    .  Andie One (2018 f. by American Pharoah). Winner at 4, placed at 5, 2023, $27,340.
		<hip>282</hip>
		<SaleEntryCode>PH23</SaleEntryCode>
		<SaleCode>FTFEB</SaleCode>
		<SaleName>FT FEB MIXED 21</SaleName>
		<HorseName>Andie One</HorseName>
		<HorseYOB>2018</HorseYOB>
		<HorseSex>f</HorseSex>
		<DamName>Crying Shame</DamName>
		<DamDamName>**TOUT CHARMANT**</DamDamName>
		<SireName>American Pharoah</SireName>
		<OfficialPosition></OfficialPosition>
		<RaceNumber></RaceNumber>
		<RaceType></RaceType>
		<Grade></Grade>
		<RaceDate></RaceDate>
		<TrackName></TrackName>
		<UpdPosition></UpdPosition>
		<Generation>2</Generation>
		<Earnings>27,340</Earnings>
		<BlackType>N</BlackType>
		<WhiteType>Y</WhiteType>
		<UpdateLink></UpdateLink>
+    .  Amenset (2019 f. by American Pharoah). Placed at 3 and 4, 2023, $56,861.
		<hip>282</hip>
		<SaleEntryCode>PH23</SaleEntryCode>
		<SaleCode>FTFEB</SaleCode>
		<SaleName>FT FEB MIXED 21</SaleName>
		<HorseName>Amenset</HorseName>
		<HorseYOB>2019</HorseYOB>
		<HorseSex>f</HorseSex>
		<DamName>Crying Shame</DamName>
		<DamDamName>**TOUT CHARMANT**</DamDamName>
		<SireName>American Pharoah</SireName>
		<OfficialPosition></OfficialPosition>
		<RaceNumber></RaceNumber>
		<RaceType></RaceType>
		<Grade></Grade>
		<RaceDate></RaceDate>
		<TrackName></TrackName>
		<UpdPosition></UpdPosition>
		<Generation>2</Generation>
		<Earnings>56,861</Earnings>
		<BlackType>N</BlackType>
		<WhiteType>Y</WhiteType>
		<UpdateLink></UpdateLink>
+    .  .  =Urawaza Technique (JPN) (2017 g. by Liam's Map). Winner at 5, 2022, 7,155,000 Yen, in Japan. (Total: $64,461).
		<hip>282</hip>
		<SaleEntryCode>PH23</SaleEntryCode>
		<SaleCode>FTFEB</SaleCode>
		<SaleName>FT FEB MIXED 21</SaleName>
		<HorseName>Urawaza Technique</HorseName>
		<HorseYOB>2017</HorseYOB>
		<HorseSex>g</HorseSex>
		<DamName>**Toutsie Rules**</DamName>
		<DamDamName></DamDamName>
		<SireName>Liam's Map</SireName>
		<OfficialPosition></OfficialPosition>
		<RaceNumber></RaceNumber>
		<RaceType></RaceType>
		<Grade></Grade>
		<RaceDate></RaceDate>
		<TrackName></TrackName>
		<UpdPosition></UpdPosition>
		<Generation>3</Generation>
		<Earnings>64,461</Earnings>
		<BlackType>N</BlackType>
		<WhiteType>Y</WhiteType>
		<UpdateLink></UpdateLink>
+    .  .  Olliemyboy (2017 c. by Union Rags). Winner at 3, $85,740, in Canada; 2 wins at 4, placed at 5, 2022, $102,362, in N.A./U.S. (Total: $166,122).
		<hip>282</hip>
		<SaleEntryCode>PH23</SaleEntryCode>
		<SaleCode>FTFEB</SaleCode>
		<SaleName>FT FEB MIXED 21</SaleName>
		<HorseName>Olliemyboy</HorseName>
		<HorseYOB>2017</HorseYOB>
		<HorseSex>c</HorseSex>
		<DamName>Charming Thunder</DamName>
		<DamDamName></DamDamName>
		<SireName>Union Rags</SireName>
		<OfficialPosition></OfficialPosition>
		<RaceNumber></RaceNumber>
		<RaceType></RaceType>
		<Grade></Grade>
		<RaceDate></RaceDate>
		<TrackName></TrackName>
		<UpdPosition></UpdPosition>
		<Generation>3</Generation>
		<Earnings>166,122</Earnings>
		<BlackType>N</BlackType>
		<WhiteType>Y</WhiteType>
		<UpdateLink></UpdateLink>
+    .  .  Captain Thunder (2015 g. by Pioneerof the Nile). Winner at 3, $51,800, in Canada; winner at 5 and 6, placed at 7, 2022, $101,235, in N.A./U.S. (Total: $141,092).
		<hip>282</hip>
		<SaleEntryCode>PH23</SaleEntryCode>
		<SaleCode>FTFEB</SaleCode>
		<SaleName>FT FEB MIXED 21</SaleName>
		<HorseName>Captain Thunder</HorseName>
		<HorseYOB>2015</HorseYOB>
		<HorseSex>g</HorseSex>
		<DamName>Charming Thunder</DamName>
		<DamDamName></DamDamName>
		<SireName>Pioneerof the Nile</SireName>
		<OfficialPosition></OfficialPosition>
		<RaceNumber></RaceNumber>
		<RaceType></RaceType>
		<Grade></Grade>
		<RaceDate></RaceDate>
		<TrackName></TrackName>
		<UpdPosition></UpdPosition>
		<Generation>3</Generation>
		<Earnings>141,092</Earnings>
		<BlackType>N</BlackType>
		<WhiteType>Y</WhiteType>
		<UpdateLink></UpdateLink>
+    .  .  No More Diamonds (2019 f. by More Than Ready). Winner at 3, 2022, $51,175, in Canada. (Total: $39,628).
		<hip>282</hip>
		<SaleEntryCode>PH23</SaleEntryCode>
		<SaleCode>FTFEB</SaleCode>
		<SaleName>FT FEB MIXED 21</SaleName>
		<HorseName>No More Diamonds</HorseName>
		<HorseYOB>2019</HorseYOB>
		<HorseSex>f</HorseSex>
		<DamName>Diamondinthecenter</DamName>
		<DamDamName></DamDamName>
		<SireName>More Than Ready</SireName>
		<OfficialPosition></OfficialPosition>
		<RaceNumber></RaceNumber>
		<RaceType></RaceType>
		<Grade></Grade>
		<RaceDate></RaceDate>
		<TrackName></TrackName>
		<UpdPosition></UpdPosition>
		<Generation>3</Generation>
		<Earnings>39,628</Earnings>
		<BlackType>N</BlackType>
		<WhiteType>Y</WhiteType>
		<UpdateLink></UpdateLink>
	</update>
</FasigTiptonUpdates>
</FasigTiptonSalesServices>