<?xml version="1.0" encoding="UTF-8"?>
<FasigTiptonSalesServices>
<Service>saleUpdates</Service>
<FasigTiptonUpdates>
	<Update>
+    .  **FIGHTING FORCE** (2018 g. by Air Force Blue). 4 wins, 2 to 4, 2022, $187,973, 1st Not Surprising S. (GP, $46,035), 2nd Dania Beach S. [L] (GP, $14,850), Showing Up S. (GP, $12,090).
		<hip>29</hip>
		<SaleEntryCode>PH23</SaleEntryCode>
		<SaleCode>FTFEB</SaleCode>
		<SaleName>FT FEB MIXED 21</SaleName>
		<HorseName>FIGHTING FORCE**</HorseName>
		<HorseYOB>2018</HorseYOB>
		<HorseSex>g</HorseSex>
		<DamName>No Splits</DamName>
		<DamDamName>**GREAT INTENTIONS**</DamDamName>
		<SireName>Air Force Blue</SireName>
		<OfficialPosition></OfficialPosition>
		<RaceNumber></RaceNumber>
		<RaceType></RaceType>
		<Grade></Grade>
		<RaceDate></RaceDate>
		<TrackName></TrackName>
		<UpdPosition></UpdPosition>
		<Generation>2</Generation>
		<Earnings>187,973</Earnings>
		<BlackType>Y</BlackType>
		<WhiteType>N</WhiteType>
		<UpdateLink></UpdateLink>
+    Could Be (2014 g. by Candy Ride (ARG)). 15 wins, 3 to 8, placed at 9, 2023, $159,300.
		<hip>29</hip>
		<SaleEntryCode>PH23</SaleEntryCode>
		<SaleCode>FTFEB</SaleCode>
		<SaleName>FT FEB MIXED 21</SaleName>
		<HorseName>Could Be</HorseName>
		<HorseYOB>2014</HorseYOB>
		<HorseSex>g</HorseSex>
		<DamName>**GREAT INTENTIONS**</DamName>
		<DamDamName></DamDamName>
		<SireName>Candy Ride (ARG</SireName>
		<OfficialPosition></OfficialPosition>
		<RaceNumber></RaceNumber>
		<RaceType></RaceType>
		<Grade></Grade>
		<RaceDate></RaceDate>
		<TrackName></TrackName>
		<UpdPosition></UpdPosition>
		<Generation>1</Generation>
		<Earnings>159,300</Earnings>
		<BlackType>N</BlackType>
		<WhiteType>Y</WhiteType>
		<UpdateLink></UpdateLink>
	</update>
</FasigTiptonUpdates>
</FasigTiptonSalesServices>