<?xml version="1.0" encoding="UTF-8"?>
<FasigTiptonSalesServices>
<Service>saleUpdates</Service>
<FasigTiptonUpdates>
	<Update>
+    **Affirmative Lady** (2020 f. by Arrogate). Placed at 2 and 3, 2023, $78,218, 2nd Demoiselle S. **[G2]** (AQU, $50,000), 3rd Busanda S. (AQU, $12,000).
		<hip>304</hip>
		<SaleEntryCode>PH23</SaleEntryCode>
		<SaleCode>FTFEB</SaleCode>
		<SaleName>FT FEB MIXED 21</SaleName>
		<HorseName>Affirmative Lady**</HorseName>
		<HorseYOB>2020</HorseYOB>
		<HorseSex>f</HorseSex>
		<DamName>**STIFFED**</DamName>
		<DamDamName></DamDamName>
		<SireName>Arrogate</SireName>
		<OfficialPosition></OfficialPosition>
		<RaceNumber></RaceNumber>
		<RaceType></RaceType>
		<Grade></Grade>
		<RaceDate></RaceDate>
		<TrackName></TrackName>
		<UpdPosition></UpdPosition>
		<Generation>1</Generation>
		<Earnings>78,218</Earnings>
		<BlackType>Y</BlackType>
		<WhiteType>N</WhiteType>
		<UpdateLink></UpdateLink>
+    **SPEAKING** (2019 g. by Mr Speaker). 4 wins at 2 and 3, 2022, $288,100, 1st Smoke Glacken S. (MTH, $75,000), New Jersey Breeders H.-R (MTH, $60,000), 2nd Parx Juvenile S. (PRX, $18,800), Sunny Ridge H.-R (MTH, $17,000), 3rd Jersey Shore S. (MTH, $14,000).
		<hip>304</hip>
		<SaleEntryCode>PH23</SaleEntryCode>
		<SaleCode>FTFEB</SaleCode>
		<SaleName>FT FEB MIXED 21</SaleName>
		<HorseName>SPEAKING**</HorseName>
		<HorseYOB>2019</HorseYOB>
		<HorseSex>g</HorseSex>
		<DamName>HIGH NOON NELLIE</DamName>
		<DamDamName></DamDamName>
		<SireName>Mr Speaker</SireName>
		<OfficialPosition></OfficialPosition>
		<RaceNumber></RaceNumber>
		<RaceType></RaceType>
		<Grade></Grade>
		<RaceDate></RaceDate>
		<TrackName></TrackName>
		<UpdPosition></UpdPosition>
		<Generation>1</Generation>
		<Earnings>288,100</Earnings>
		<BlackType>Y</BlackType>
		<WhiteType>N</WhiteType>
		<UpdateLink></UpdateLink>
+    .  Riding Pretty (2020 f. by Jack Milton). Winner at 2 and 3, 2023, $103,635.
		<hip>304</hip>
		<SaleEntryCode>PH23</SaleEntryCode>
		<SaleCode>FTFEB</SaleCode>
		<SaleName>FT FEB MIXED 21</SaleName>
		<HorseName>Riding Pretty</HorseName>
		<HorseYOB>2020</HorseYOB>
		<HorseSex>f</HorseSex>
		<DamName>High Renaissance</DamName>
		<DamDamName>HIGH NOON NELLIE</DamDamName>
		<SireName>Jack Milton</SireName>
		<OfficialPosition></OfficialPosition>
		<RaceNumber></RaceNumber>
		<RaceType></RaceType>
		<Grade></Grade>
		<RaceDate></RaceDate>
		<TrackName></TrackName>
		<UpdPosition></UpdPosition>
		<Generation>2</Generation>
		<Earnings>103,635</Earnings>
		<BlackType>N</BlackType>
		<WhiteType>Y</WhiteType>
		<UpdateLink></UpdateLink>
	</update>
</FasigTiptonUpdates>
</FasigTiptonSalesServices>