<?xml version="1.0" encoding="UTF-8"?>
<FasigTiptonSalesServices>
<Service>saleUpdates</Service>
<FasigTiptonUpdates>
	<Update>
+    .  **DREAMER'S DISEASE** (2018 g. by Laoban). 4 wins at 2 and 4, 2022, $247,405, 1st Delta Mile S. (DED, $60,000), 2nd New York Stallion Series S.-R (SAR, $30,000), Better Talk Now S.-R (SAR, $24,000).
		<hip>308</hip>
		<SaleEntryCode>PH23</SaleEntryCode>
		<SaleCode>FTFEB</SaleCode>
		<SaleName>FT FEB MIXED 21</SaleName>
		<HorseName>DREAMER'S DISEASE**</HorseName>
		<HorseYOB>2018</HorseYOB>
		<HorseSex>g</HorseSex>
		<DamName>Marketplace</DamName>
		<DamDamName>INDY BLAZE</DamDamName>
		<SireName>Laoban</SireName>
		<OfficialPosition></OfficialPosition>
		<RaceNumber></RaceNumber>
		<RaceType></RaceType>
		<Grade></Grade>
		<RaceDate></RaceDate>
		<TrackName></TrackName>
		<UpdPosition></UpdPosition>
		<Generation>2</Generation>
		<Earnings>247,405</Earnings>
		<BlackType>Y</BlackType>
		<WhiteType>N</WhiteType>
		<UpdateLink></UpdateLink>
+    .  Zaici (2020 r. by Laoban). Winner at 2, placed at 3, 2023, $48,268.
		<hip>308</hip>
		<SaleEntryCode>PH23</SaleEntryCode>
		<SaleCode>FTFEB</SaleCode>
		<SaleName>FT FEB MIXED 21</SaleName>
		<HorseName>Zaici</HorseName>
		<HorseYOB>2020</HorseYOB>
		<HorseSex>r</HorseSex>
		<DamName>Marketplace</DamName>
		<DamDamName>INDY BLAZE</DamDamName>
		<SireName>Laoban</SireName>
		<OfficialPosition></OfficialPosition>
		<RaceNumber></RaceNumber>
		<RaceType></RaceType>
		<Grade></Grade>
		<RaceDate></RaceDate>
		<TrackName></TrackName>
		<UpdPosition></UpdPosition>
		<Generation>2</Generation>
		<Earnings>48,268</Earnings>
		<BlackType>N</BlackType>
		<WhiteType>Y</WhiteType>
		<UpdateLink></UpdateLink>
	</update>
</FasigTiptonUpdates>
</FasigTiptonSalesServices>