<?xml version="1.0" encoding="UTF-8"?>
<FasigTiptonSalesServices>
<Service>saleUpdates</Service>
<FasigTiptonUpdates>
	<Update>
+    .  **THREES OVER DEUCES** (2015 g. by Flat Out). 7 wins, 2 to 6, placed at 8, 2023, $658,547, 1st Dave's Friend S. [L] (LRL, $60,000), 2nd General George S. **[G3]** (LRL, $50,000), Maryland Sprint S. **[G3]** (PIM, $30,000), James W. Murphy S. [L] (PIM, $20,000), Fire Plug S. (LRL, $20,000), Robert Hilton Memorial S. (CT, $16,830), 3rd Polynesian S. (LRL, $10,000), Frank Y. Whiteley S. (LRL, $10,000).
		<hip>335</hip>
		<SaleEntryCode>PH23</SaleEntryCode>
		<SaleCode>FTFEB</SaleCode>
		<SaleName>FT FEB MIXED 21</SaleName>
		<HorseName>THREES OVER DEUCES**</HorseName>
		<HorseYOB>2015</HorseYOB>
		<HorseSex>g</HorseSex>
		<DamName>Cruelmore</DamName>
		<DamDamName>INTENSIFY</DamDamName>
		<SireName>Flat Out</SireName>
		<OfficialPosition></OfficialPosition>
		<RaceNumber></RaceNumber>
		<RaceType></RaceType>
		<Grade></Grade>
		<RaceDate></RaceDate>
		<TrackName></TrackName>
		<UpdPosition></UpdPosition>
		<Generation>2</Generation>
		<Earnings>658,547</Earnings>
		<BlackType>Y</BlackType>
		<WhiteType>N</WhiteType>
		<UpdateLink></UpdateLink>
+    .  Inside Risk (2017 g. by Street Sense). 7 wins, 2 to 5, 2022, $195,785, in N.A./U.S.; unplaced in 1 start, $400, in Canada. (Total: $196,091).
		<hip>335</hip>
		<SaleEntryCode>PH23</SaleEntryCode>
		<SaleCode>FTFEB</SaleCode>
		<SaleName>FT FEB MIXED 21</SaleName>
		<HorseName>Inside Risk</HorseName>
		<HorseYOB>2017</HorseYOB>
		<HorseSex>g</HorseSex>
		<DamName>Cruelmore</DamName>
		<DamDamName>INTENSIFY</DamDamName>
		<SireName>Street Sense</SireName>
		<OfficialPosition></OfficialPosition>
		<RaceNumber></RaceNumber>
		<RaceType></RaceType>
		<Grade></Grade>
		<RaceDate></RaceDate>
		<TrackName></TrackName>
		<UpdPosition></UpdPosition>
		<Generation>2</Generation>
		<Earnings>196,091</Earnings>
		<BlackType>N</BlackType>
		<WhiteType>Y</WhiteType>
		<UpdateLink></UpdateLink>
	</update>
</FasigTiptonUpdates>
</FasigTiptonSalesServices>