<?xml version="1.0" encoding="UTF-8"?>
<FasigTiptonSalesServices>
<Service>saleUpdates</Service>
<FasigTiptonUpdates>
	<Update>
+    .  .  =Meisho Kid (JPN) (2019 c. by =Hokko Tarumae (JPN)). 2 wins at 3, 2022, 28,000,000 Yen, in Japan. (Total: $233,273).
		<hip>344</hip>
		<SaleEntryCode>PH23</SaleEntryCode>
		<SaleCode>FTFEB</SaleCode>
		<SaleName>FT FEB MIXED 21</SaleName>
		<HorseName>Meisho Kid</HorseName>
		<HorseYOB>2019</HorseYOB>
		<HorseSex>c</HorseSex>
		<DamName>=My Lucky</DamName>
		<DamDamName></DamDamName>
		<SireName>=Hokko Tarumae (JPN</SireName>
		<OfficialPosition></OfficialPosition>
		<RaceNumber></RaceNumber>
		<RaceType></RaceType>
		<Grade></Grade>
		<RaceDate></RaceDate>
		<TrackName></TrackName>
		<UpdPosition></UpdPosition>
		<Generation>3</Generation>
		<Earnings>233,273</Earnings>
		<BlackType>N</BlackType>
		<WhiteType>Y</WhiteType>
		<UpdateLink></UpdateLink>
+    .  .  .  =Meisho Fuka (JPN) (2018 f. by =Meisho Samson (JPN)). 4 wins at 4, 2022, 8,225,000 Yen, in Japan. (Total: $66,385).
		<hip>344</hip>
		<SaleEntryCode>PH23</SaleEntryCode>
		<SaleCode>FTFEB</SaleCode>
		<SaleName>FT FEB MIXED 21</SaleName>
		<HorseName>Meisho Fuka</HorseName>
		<HorseYOB>2018</HorseYOB>
		<HorseSex>f</HorseSex>
		<DamName></DamName>
		<DamDamName></DamDamName>
		<SireName>=Meisho Samson (JPN</SireName>
		<OfficialPosition></OfficialPosition>
		<RaceNumber></RaceNumber>
		<RaceType></RaceType>
		<Grade></Grade>
		<RaceDate></RaceDate>
		<TrackName></TrackName>
		<UpdPosition></UpdPosition>
		<Generation></Generation>
		<Earnings>66,385</Earnings>
		<BlackType>N</BlackType>
		<WhiteType>Y</WhiteType>
		<UpdateLink></UpdateLink>
+    .  =Karara Lad (AUS) (2018 g. by =Better Than Ready (AUS)). Winner at 4, 2022, $14,750(AUS), in Australia. (Total: $9,720).
		<hip>344</hip>
		<SaleEntryCode>PH23</SaleEntryCode>
		<SaleCode>FTFEB</SaleCode>
		<SaleName>FT FEB MIXED 21</SaleName>
		<HorseName>Karara Lad</HorseName>
		<HorseYOB>2018</HorseYOB>
		<HorseSex>g</HorseSex>
		<DamName>Special Shadow</DamName>
		<DamDamName>MAHHDOODA</DamDamName>
		<SireName>=Better Than Ready (AUS</SireName>
		<OfficialPosition></OfficialPosition>
		<RaceNumber></RaceNumber>
		<RaceType></RaceType>
		<Grade></Grade>
		<RaceDate></RaceDate>
		<TrackName></TrackName>
		<UpdPosition></UpdPosition>
		<Generation>2</Generation>
		<Earnings>9,720</Earnings>
		<BlackType>N</BlackType>
		<WhiteType>Y</WhiteType>
		<UpdateLink></UpdateLink>
	</update>
</FasigTiptonUpdates>
</FasigTiptonSalesServices>