<?xml version="1.0" encoding="UTF-8"?>
<FasigTiptonSalesServices>
<Service>saleUpdates</Service>
<FasigTiptonUpdates>
	<Update>
+    .  **Gun It** (2016 g. by Tapit). 3 wins, 2 to 5, placed at 6, 2022, $422,149, 2nd Mineshaft S. **[G3]** (FG, $40,000), Louisiana S. **[G3]** (FG, $20,000).
		<hip>378</hip>
		<SaleEntryCode>PH23</SaleEntryCode>
		<SaleCode>FTFEB</SaleCode>
		<SaleName>FT FEB MIXED 21</SaleName>
		<HorseName>Gun It**</HorseName>
		<HorseYOB>2016</HorseYOB>
		<HorseSex>g</HorseSex>
		<DamName>**Miss Besilu**</DamName>
		<DamDamName>**QUIET DANCE**</DamDamName>
		<SireName>Tapit</SireName>
		<OfficialPosition></OfficialPosition>
		<RaceNumber></RaceNumber>
		<RaceType></RaceType>
		<Grade></Grade>
		<RaceDate></RaceDate>
		<TrackName></TrackName>
		<UpdPosition></UpdPosition>
		<Generation>2</Generation>
		<Earnings>422,149</Earnings>
		<BlackType>Y</BlackType>
		<WhiteType>N</WhiteType>
		<UpdateLink></UpdateLink>
+    .  Lark's Mischief (2020 c. by Into Mischief). Placed at 2 and 3, 2023, $30,000.
		<hip>378</hip>
		<SaleEntryCode>PH23</SaleEntryCode>
		<SaleCode>FTFEB</SaleCode>
		<SaleName>FT FEB MIXED 21</SaleName>
		<HorseName>Lark's Mischief</HorseName>
		<HorseYOB>2020</HorseYOB>
		<HorseSex>c</HorseSex>
		<DamName>**Miss Besilu**</DamName>
		<DamDamName>**QUIET DANCE**</DamDamName>
		<SireName>Into Mischief</SireName>
		<OfficialPosition></OfficialPosition>
		<RaceNumber></RaceNumber>
		<RaceType></RaceType>
		<Grade></Grade>
		<RaceDate></RaceDate>
		<TrackName></TrackName>
		<UpdPosition></UpdPosition>
		<Generation>2</Generation>
		<Earnings>30,000</Earnings>
		<BlackType>N</BlackType>
		<WhiteType>Y</WhiteType>
		<UpdateLink></UpdateLink>
	</update>
</FasigTiptonUpdates>
</FasigTiptonSalesServices>