<?xml version="1.0" encoding="UTF-8"?>
<FasigTiptonSalesServices>
<Service>saleUpdates</Service>
<FasigTiptonUpdates>
	<Update>
+    Pipeline Girl (2019 f. by Air Force Blue). 3 wins at 2 and 3, 2022, $157,548.
		<hip>380</hip>
		<SaleEntryCode>PH23</SaleEntryCode>
		<SaleCode>FTFEB</SaleCode>
		<SaleName>FT FEB MIXED 21</SaleName>
		<HorseName>Pipeline Girl</HorseName>
		<HorseYOB>2019</HorseYOB>
		<HorseSex>f</HorseSex>
		<DamName>GUIDE</DamName>
		<DamDamName></DamDamName>
		<SireName>Air Force Blue</SireName>
		<OfficialPosition></OfficialPosition>
		<RaceNumber></RaceNumber>
		<RaceType></RaceType>
		<Grade></Grade>
		<RaceDate></RaceDate>
		<TrackName></TrackName>
		<UpdPosition></UpdPosition>
		<Generation>1</Generation>
		<Earnings>157,548</Earnings>
		<BlackType>N</BlackType>
		<WhiteType>Y</WhiteType>
		<UpdateLink></UpdateLink>
+    .  Sapphire Beauty (2019 f. by Mosler). Winner at 4, 2023, $56,595.
		<hip>380</hip>
		<SaleEntryCode>PH23</SaleEntryCode>
		<SaleCode>FTFEB</SaleCode>
		<SaleName>FT FEB MIXED 21</SaleName>
		<HorseName>Sapphire Beauty</HorseName>
		<HorseYOB>2019</HorseYOB>
		<HorseSex>f</HorseSex>
		<DamName>Rock Sapphire</DamName>
		<DamDamName>GUIDE</DamDamName>
		<SireName>Mosler</SireName>
		<OfficialPosition></OfficialPosition>
		<RaceNumber></RaceNumber>
		<RaceType></RaceType>
		<Grade></Grade>
		<RaceDate></RaceDate>
		<TrackName></TrackName>
		<UpdPosition></UpdPosition>
		<Generation>2</Generation>
		<Earnings>56,595</Earnings>
		<BlackType>N</BlackType>
		<WhiteType>Y</WhiteType>
		<UpdateLink></UpdateLink>
+    .  .  Runaway Rockette (2018 f. by Into Mischief). 3 wins at 2 and 4, 2022, $170,526.
		<hip>380</hip>
		<SaleEntryCode>PH23</SaleEntryCode>
		<SaleCode>FTFEB</SaleCode>
		<SaleName>FT FEB MIXED 21</SaleName>
		<HorseName>Runaway Rockette</HorseName>
		<HorseYOB>2018</HorseYOB>
		<HorseSex>f</HorseSex>
		<DamName>Rocket Maker</DamName>
		<DamDamName></DamDamName>
		<SireName>Into Mischief</SireName>
		<OfficialPosition></OfficialPosition>
		<RaceNumber></RaceNumber>
		<RaceType></RaceType>
		<Grade></Grade>
		<RaceDate></RaceDate>
		<TrackName></TrackName>
		<UpdPosition></UpdPosition>
		<Generation>3</Generation>
		<Earnings>170,526</Earnings>
		<BlackType>N</BlackType>
		<WhiteType>Y</WhiteType>
		<UpdateLink></UpdateLink>
+    .  .  Cove Blue (2015 c. by Ghostzapper). 7 wins, 3 to 7, 2022, $269,789.
		<hip>380</hip>
		<SaleEntryCode>PH23</SaleEntryCode>
		<SaleCode>FTFEB</SaleCode>
		<SaleName>FT FEB MIXED 21</SaleName>
		<HorseName>Cove Blue</HorseName>
		<HorseYOB>2015</HorseYOB>
		<HorseSex>c</HorseSex>
		<DamName>Need</DamName>
		<DamDamName></DamDamName>
		<SireName>Ghostzapper</SireName>
		<OfficialPosition></OfficialPosition>
		<RaceNumber></RaceNumber>
		<RaceType></RaceType>
		<Grade></Grade>
		<RaceDate></RaceDate>
		<TrackName></TrackName>
		<UpdPosition></UpdPosition>
		<Generation>3</Generation>
		<Earnings>269,789</Earnings>
		<BlackType>N</BlackType>
		<WhiteType>Y</WhiteType>
		<UpdateLink></UpdateLink>
+    .  .  Noneedtoworry (2019 c. by Algorithms). Winner at 2 and 3, 2022, $82,370.
		<hip>380</hip>
		<SaleEntryCode>PH23</SaleEntryCode>
		<SaleCode>FTFEB</SaleCode>
		<SaleName>FT FEB MIXED 21</SaleName>
		<HorseName>Noneedtoworry</HorseName>
		<HorseYOB>2019</HorseYOB>
		<HorseSex>c</HorseSex>
		<DamName>Need</DamName>
		<DamDamName></DamDamName>
		<SireName>Algorithms</SireName>
		<OfficialPosition></OfficialPosition>
		<RaceNumber></RaceNumber>
		<RaceType></RaceType>
		<Grade></Grade>
		<RaceDate></RaceDate>
		<TrackName></TrackName>
		<UpdPosition></UpdPosition>
		<Generation>3</Generation>
		<Earnings>82,370</Earnings>
		<BlackType>N</BlackType>
		<WhiteType>Y</WhiteType>
		<UpdateLink></UpdateLink>
	</update>
</FasigTiptonUpdates>
</FasigTiptonSalesServices>