<?xml version="1.0" encoding="UTF-8"?>
<FasigTiptonSalesServices>
<Service>saleUpdates</Service>
<FasigTiptonUpdates>
	<Update>
+    .  Kitten's Man (2017 g. by Hampton Court (AUS)). 6 wins, 3 to 6, 2023, $90,075.
		<hip>382</hip>
		<SaleEntryCode>PH23</SaleEntryCode>
		<SaleCode>FTFEB</SaleCode>
		<SaleName>FT FEB MIXED 21</SaleName>
		<HorseName>Kitten's Man</HorseName>
		<HorseYOB>2017</HorseYOB>
		<HorseSex>g</HorseSex>
		<DamName>Shining Kitten</DamName>
		<DamDamName>SHINING JEWEL</DamDamName>
		<SireName>Hampton Court (AUS</SireName>
		<OfficialPosition></OfficialPosition>
		<RaceNumber></RaceNumber>
		<RaceType></RaceType>
		<Grade></Grade>
		<RaceDate></RaceDate>
		<TrackName></TrackName>
		<UpdPosition></UpdPosition>
		<Generation>2</Generation>
		<Earnings>90,075</Earnings>
		<BlackType>N</BlackType>
		<WhiteType>Y</WhiteType>
		<UpdateLink></UpdateLink>
	</update>
</FasigTiptonUpdates>
</FasigTiptonSalesServices>