<?xml version="1.0" encoding="UTF-8"?>
<FasigTiptonSalesServices>
<Service>saleUpdates</Service>
<FasigTiptonUpdates>
	<Update>
+    .  Congressman (2019 c. by Constitution). Winner in 3 starts at 3 and 4, 2023, $134,510.
		<hip>384</hip>
		<SaleEntryCode>PH23</SaleEntryCode>
		<SaleCode>FTFEB</SaleCode>
		<SaleName>FT FEB MIXED 21</SaleName>
		<HorseName>Congressman</HorseName>
		<HorseYOB>2019</HorseYOB>
		<HorseSex>c</HorseSex>
		<DamName>Don't Stop to Shop</DamName>
		<DamDamName>**SHOP TILL YOU DROP**</DamDamName>
		<SireName>Constitution</SireName>
		<OfficialPosition></OfficialPosition>
		<RaceNumber></RaceNumber>
		<RaceType></RaceType>
		<Grade></Grade>
		<RaceDate></RaceDate>
		<TrackName></TrackName>
		<UpdPosition></UpdPosition>
		<Generation>2</Generation>
		<Earnings>134,510</Earnings>
		<BlackType>N</BlackType>
		<WhiteType>Y</WhiteType>
		<UpdateLink></UpdateLink>
+    .  .  **WINNING ROMANCE** (2018 f. by First Samurai). 5 wins, 2 to 4, placed at 5, 2023, $316,696, 1st Shantel Lanerie Memorial S.-R (FG, $45,000), Louisiana Legends Soiree S.-R (EVD, $42,000), EVD Distaff S.-R (EVD, $36,000), 2nd Crescent City Oaks-R (FG, $20,000), Louisiana Champions Day Ladies Distaff S.-R (FG, $20,000), Magnolia S.-R (DED, $20,000), Louisiana Champions Day Ladies Distaff S.-R (FG, $20,000), Big World S.-R (FG, $15,000), 3rd Louisiana Futurity-R (FG, $12,441), Louisiana Bred Premier Starlet S.-R (DED, $10,000), Bob F. Wright Memorial S.-R (FG, $8,250).
		<hip>384</hip>
		<SaleEntryCode>PH23</SaleEntryCode>
		<SaleCode>FTFEB</SaleCode>
		<SaleName>FT FEB MIXED 21</SaleName>
		<HorseName>WINNING ROMANCE**</HorseName>
		<HorseYOB>2018</HorseYOB>
		<HorseSex>f</HorseSex>
		<DamName>Lipstick Junky</DamName>
		<DamDamName></DamDamName>
		<SireName>First Samurai</SireName>
		<OfficialPosition></OfficialPosition>
		<RaceNumber></RaceNumber>
		<RaceType></RaceType>
		<Grade></Grade>
		<RaceDate></RaceDate>
		<TrackName></TrackName>
		<UpdPosition></UpdPosition>
		<Generation>3</Generation>
		<Earnings>316,696</Earnings>
		<BlackType>Y</BlackType>
		<WhiteType>N</WhiteType>
		<UpdateLink></UpdateLink>
+    .  .  **JACK HAMMER** (2020 g. by Jimmy Creed). 2 wins in 2 starts at 2, 2022, $97,755, 1st Louisiana Futurity-R (FG, $67,755).
		<hip>384</hip>
		<SaleEntryCode>PH23</SaleEntryCode>
		<SaleCode>FTFEB</SaleCode>
		<SaleName>FT FEB MIXED 21</SaleName>
		<HorseName>JACK HAMMER**</HorseName>
		<HorseYOB>2020</HorseYOB>
		<HorseSex>g</HorseSex>
		<DamName>Lipstick Junky</DamName>
		<DamDamName></DamDamName>
		<SireName>Jimmy Creed</SireName>
		<OfficialPosition></OfficialPosition>
		<RaceNumber></RaceNumber>
		<RaceType></RaceType>
		<Grade></Grade>
		<RaceDate></RaceDate>
		<TrackName></TrackName>
		<UpdPosition></UpdPosition>
		<Generation>3</Generation>
		<Earnings>97,755</Earnings>
		<BlackType>Y</BlackType>
		<WhiteType>N</WhiteType>
		<UpdateLink></UpdateLink>
+    .  .  **Davidic Line** (2017 g. by Line of David). 5 wins, 2 to 5, placed at 6, 2023, $240,717, 2nd Kris Kringle S. (PRX, $18,800).
		<hip>384</hip>
		<SaleEntryCode>PH23</SaleEntryCode>
		<SaleCode>FTFEB</SaleCode>
		<SaleName>FT FEB MIXED 21</SaleName>
		<HorseName>Davidic Line**</HorseName>
		<HorseYOB>2017</HorseYOB>
		<HorseSex>g</HorseSex>
		<DamName>Lipstick Junky</DamName>
		<DamDamName></DamDamName>
		<SireName>Line of David</SireName>
		<OfficialPosition></OfficialPosition>
		<RaceNumber></RaceNumber>
		<RaceType></RaceType>
		<Grade></Grade>
		<RaceDate></RaceDate>
		<TrackName></TrackName>
		<UpdPosition></UpdPosition>
		<Generation>3</Generation>
		<Earnings>240,717</Earnings>
		<BlackType>Y</BlackType>
		<WhiteType>N</WhiteType>
		<UpdateLink></UpdateLink>
+    .  .  Duplicitous (2017 f. by Twirling Candy). 4 wins, 2 to 5, 2022, $218,211.
		<hip>384</hip>
		<SaleEntryCode>PH23</SaleEntryCode>
		<SaleCode>FTFEB</SaleCode>
		<SaleName>FT FEB MIXED 21</SaleName>
		<HorseName>Duplicitous</HorseName>
		<HorseYOB>2017</HorseYOB>
		<HorseSex>f</HorseSex>
		<DamName>Brilliant City</DamName>
		<DamDamName></DamDamName>
		<SireName>Twirling Candy</SireName>
		<OfficialPosition></OfficialPosition>
		<RaceNumber></RaceNumber>
		<RaceType></RaceType>
		<Grade></Grade>
		<RaceDate></RaceDate>
		<TrackName></TrackName>
		<UpdPosition></UpdPosition>
		<Generation>3</Generation>
		<Earnings>218,211</Earnings>
		<BlackType>N</BlackType>
		<WhiteType>Y</WhiteType>
		<UpdateLink></UpdateLink>
+    .  .  Mining Chrome (2019 f. by California Chrome). 3 wins at 2 and 3, 2022, $65,950.
		<hip>384</hip>
		<SaleEntryCode>PH23</SaleEntryCode>
		<SaleCode>FTFEB</SaleCode>
		<SaleName>FT FEB MIXED 21</SaleName>
		<HorseName>Mining Chrome</HorseName>
		<HorseYOB>2019</HorseYOB>
		<HorseSex>f</HorseSex>
		<DamName>Adeline Moon</DamName>
		<DamDamName></DamDamName>
		<SireName>California Chrome</SireName>
		<OfficialPosition></OfficialPosition>
		<RaceNumber></RaceNumber>
		<RaceType></RaceType>
		<Grade></Grade>
		<RaceDate></RaceDate>
		<TrackName></TrackName>
		<UpdPosition></UpdPosition>
		<Generation>3</Generation>
		<Earnings>65,950</Earnings>
		<BlackType>N</BlackType>
		<WhiteType>Y</WhiteType>
		<UpdateLink></UpdateLink>
	</update>
</FasigTiptonUpdates>
</FasigTiptonSalesServices>