<?xml version="1.0" encoding="UTF-8"?>
<FasigTiptonSalesServices>
<Service>saleUpdates</Service>
<FasigTiptonUpdates>
	<Update>
+    **ARISTOCRATIC** (2014 g. by Malibu Moon). 10 wins, 3 to 8, placed at 9, 2023, $544,709, 1st San Pedro S. [L] (SA, $46,500), 3rd Lazaro Barrera S. **[G3]** (SA, $12,000), Phoenix Gold Cup H. (TUP, $7,425).
		<hip>394</hip>
		<SaleEntryCode>PH23</SaleEntryCode>
		<SaleCode>FTFEB</SaleCode>
		<SaleName>FT FEB MIXED 21</SaleName>
		<HorseName>ARISTOCRATIC**</HorseName>
		<HorseYOB>2014</HorseYOB>
		<HorseSex>g</HorseSex>
		<DamName>ASK ME WHEN</DamName>
		<DamDamName></DamDamName>
		<SireName>Malibu Moon</SireName>
		<OfficialPosition></OfficialPosition>
		<RaceNumber></RaceNumber>
		<RaceType></RaceType>
		<Grade></Grade>
		<RaceDate></RaceDate>
		<TrackName></TrackName>
		<UpdPosition></UpdPosition>
		<Generation>1</Generation>
		<Earnings>544,709</Earnings>
		<BlackType>Y</BlackType>
		<WhiteType>N</WhiteType>
		<UpdateLink></UpdateLink>
	</update>
</FasigTiptonUpdates>
</FasigTiptonSalesServices>