<?xml version="1.0" encoding="UTF-8"?>
<FasigTiptonSalesServices>
<Service>saleUpdates</Service>
<FasigTiptonUpdates>
	<Update>
+    Coconut Beach (2018 f. by Street Boss). 3 wins at 4, 2022, $76,130, in N.A./U.S.; placed at 2 and 3, $39,700, in Canada. (Total: $107,592).
		<hip>399</hip>
		<SaleEntryCode>PH23</SaleEntryCode>
		<SaleCode>FTFEB</SaleCode>
		<SaleName>FT FEB MIXED 21</SaleName>
		<HorseName>Coconut Beach</HorseName>
		<HorseYOB>2018</HorseYOB>
		<HorseSex>f</HorseSex>
		<DamName>INCLUDE MAXINE</DamName>
		<DamDamName></DamDamName>
		<SireName>Street Boss</SireName>
		<OfficialPosition></OfficialPosition>
		<RaceNumber></RaceNumber>
		<RaceType></RaceType>
		<Grade></Grade>
		<RaceDate></RaceDate>
		<TrackName></TrackName>
		<UpdPosition></UpdPosition>
		<Generation>1</Generation>
		<Earnings>107,592</Earnings>
		<BlackType>N</BlackType>
		<WhiteType>Y</WhiteType>
		<UpdateLink></UpdateLink>
	</update>
</FasigTiptonUpdates>
</FasigTiptonSalesServices>