<?xml version="1.0" encoding="UTF-8"?>
<FasigTiptonSalesServices>
<Service>saleUpdates</Service>
<FasigTiptonUpdates>
	<Update>
+    .  **=ALEXANDER JAMES (IRE)** (2016 g. by =Camelot (GB)). 3 wins at 3 and 5, placed at 6, 2022, 35,751 Pounds, in England; 2 wins at 3, 59,952 Euro, in France, 1st Prix Le Fabuleux [L], 3rd Grand Prix Anjou Bretagne - Haras du Saz [L]. (Total: $113,942).
		<hip>4</hip>
		<SaleEntryCode>PH23</SaleEntryCode>
		<SaleCode>FTFEB</SaleCode>
		<SaleName>FT FEB MIXED 21</SaleName>
		<HorseName>ALEXANDER JAMES</HorseName>
		<HorseYOB>2016</HorseYOB>
		<HorseSex>g</HorseSex>
		<DamName>Plying</DamName>
		<DamDamName>**Nasaieb (IRE)**</DamDamName>
		<SireName>=Camelot (GB</SireName>
		<OfficialPosition></OfficialPosition>
		<RaceNumber></RaceNumber>
		<RaceType></RaceType>
		<Grade></Grade>
		<RaceDate></RaceDate>
		<TrackName></TrackName>
		<UpdPosition></UpdPosition>
		<Generation>2</Generation>
		<Earnings>113,942</Earnings>
		<BlackType>Y</BlackType>
		<WhiteType>N</WhiteType>
		<UpdateLink></UpdateLink>
	</update>
</FasigTiptonUpdates>
</FasigTiptonSalesServices>