<?xml version="1.0" encoding="UTF-8"?>
<FasigTiptonSalesServices>
<Service>saleUpdates</Service>
<FasigTiptonUpdates>
	<Update>
+    .  Caxambas Candy (2018 c. by Twirling Candy). Winner at 3 and 4, placed at 5, 2023, $63,895.
		<hip>404</hip>
		<SaleEntryCode>PH23</SaleEntryCode>
		<SaleCode>FTFEB</SaleCode>
		<SaleName>FT FEB MIXED 21</SaleName>
		<HorseName>Caxambas Candy</HorseName>
		<HorseYOB>2018</HorseYOB>
		<HorseSex>c</HorseSex>
		<DamName>Probably Thursday</DamName>
		<DamDamName>PROBABLE STORM</DamDamName>
		<SireName>Twirling Candy</SireName>
		<OfficialPosition></OfficialPosition>
		<RaceNumber></RaceNumber>
		<RaceType></RaceType>
		<Grade></Grade>
		<RaceDate></RaceDate>
		<TrackName></TrackName>
		<UpdPosition></UpdPosition>
		<Generation>2</Generation>
		<Earnings>63,895</Earnings>
		<BlackType>N</BlackType>
		<WhiteType>Y</WhiteType>
		<UpdateLink></UpdateLink>
	</update>
</FasigTiptonUpdates>
</FasigTiptonSalesServices>