<?xml version="1.0" encoding="UTF-8"?>
<FasigTiptonSalesServices>
<Service>saleUpdates</Service>
<FasigTiptonUpdates>
	<Update>
+    .  **PAULINE'S PEARL** (2018 f. by Tapit). 7 wins, 3 to 5, 2023, $1,873,400, 1st La Troienne S. **[G1]** (CD, $455,700), Fantasy S. **[G3]** (OP, $360,000), Charles Town Oaks **[G3]** (CT, $232,800), Houston Ladies Classic S. **[G3]** (HOU, $235,200), Houston Ladies Classic S. **[G3]** (HOU, $178,200), Zia Park Oaks [L] (ZIA, $120,000), 2nd Azeri S. **[G2]** (OP, $70,000), Honeybee S. **[G3]** (OP, $60,000), Remington Park Oaks **[G3]** (RP, $40,000), 3rd Fleur de Lis S. **[G2]** (CD, $35,000), Iowa Oaks **[G3]** (PRM, $22,500).
		<hip>408</hip>
		<SaleEntryCode>PH23</SaleEntryCode>
		<SaleCode>FTFEB</SaleCode>
		<SaleName>FT FEB MIXED 21</SaleName>
		<HorseName>PAULINE'S PEARL**</HorseName>
		<HorseYOB>2018</HorseYOB>
		<HorseSex>f</HorseSex>
		<DamName>**HOT DIXIE CHICK**</DamName>
		<DamDamName>**ABOVE PERFECTION**</DamDamName>
		<SireName>Tapit</SireName>
		<OfficialPosition></OfficialPosition>
		<RaceNumber></RaceNumber>
		<RaceType></RaceType>
		<Grade></Grade>
		<RaceDate></RaceDate>
		<TrackName></TrackName>
		<UpdPosition></UpdPosition>
		<Generation>2</Generation>
		<Earnings>1,873,400</Earnings>
		<BlackType>Y</BlackType>
		<WhiteType>N</WhiteType>
		<UpdateLink></UpdateLink>
	</update>
</FasigTiptonUpdates>
</FasigTiptonSalesServices>