<?xml version="1.0" encoding="UTF-8"?>
<FasigTiptonSalesServices>
<Service>saleUpdates</Service>
<FasigTiptonUpdates>
	<Update>
+    Lucky Lorraine (2018 f. by Super Saver). Winner at 4, placed at 5, 2023, $66,550.
		<hip>414</hip>
		<SaleEntryCode>PH23</SaleEntryCode>
		<SaleCode>FTFEB</SaleCode>
		<SaleName>FT FEB MIXED 21</SaleName>
		<HorseName>Lucky Lorraine</HorseName>
		<HorseYOB>2018</HorseYOB>
		<HorseSex>f</HorseSex>
		<DamName>**Swear by It**</DamName>
		<DamDamName></DamDamName>
		<SireName>Super Saver</SireName>
		<OfficialPosition></OfficialPosition>
		<RaceNumber></RaceNumber>
		<RaceType></RaceType>
		<Grade></Grade>
		<RaceDate></RaceDate>
		<TrackName></TrackName>
		<UpdPosition></UpdPosition>
		<Generation>1</Generation>
		<Earnings>66,550</Earnings>
		<BlackType>N</BlackType>
		<WhiteType>Y</WhiteType>
		<UpdateLink></UpdateLink>
+    Violent Justice (2019 c. by Violence). Winner at 2, placed at 4, 2023, 101,636 Dirhams, in United Arab Emirates. Sent from United States to United Arab Emirates in 2021. (Total: $27,675).
		<hip>414</hip>
		<SaleEntryCode>PH23</SaleEntryCode>
		<SaleCode>FTFEB</SaleCode>
		<SaleName>FT FEB MIXED 21</SaleName>
		<HorseName>Violent Justice</HorseName>
		<HorseYOB>2019</HorseYOB>
		<HorseSex>c</HorseSex>
		<DamName>**Swear by It**</DamName>
		<DamDamName></DamDamName>
		<SireName>Violence</SireName>
		<OfficialPosition></OfficialPosition>
		<RaceNumber></RaceNumber>
		<RaceType></RaceType>
		<Grade></Grade>
		<RaceDate></RaceDate>
		<TrackName></TrackName>
		<UpdPosition></UpdPosition>
		<Generation>1</Generation>
		<Earnings>27,675</Earnings>
		<BlackType>N</BlackType>
		<WhiteType>Y</WhiteType>
		<UpdateLink></UpdateLink>
+    .  **Shawdyshawdyshawdy** (2018 g. by Summer Front). 3 wins at 2 and 4, 2022, $300,060, 3rd Pennine Ridge S. **[G3]** (BEL, $24,000).
		<hip>414</hip>
		<SaleEntryCode>PH23</SaleEntryCode>
		<SaleCode>FTFEB</SaleCode>
		<SaleName>FT FEB MIXED 21</SaleName>
		<HorseName>Shawdyshawdyshawdy**</HorseName>
		<HorseYOB>2018</HorseYOB>
		<HorseSex>g</HorseSex>
		<DamName>**Shea Darby**</DamName>
		<DamDamName>**JESSE'S JUSTICE**</DamDamName>
		<SireName>Summer Front</SireName>
		<OfficialPosition></OfficialPosition>
		<RaceNumber></RaceNumber>
		<RaceType></RaceType>
		<Grade></Grade>
		<RaceDate></RaceDate>
		<TrackName></TrackName>
		<UpdPosition></UpdPosition>
		<Generation>2</Generation>
		<Earnings>300,060</Earnings>
		<BlackType>Y</BlackType>
		<WhiteType>N</WhiteType>
		<UpdateLink></UpdateLink>
+    .  No Salt (2017 g. by Tonalist). 10 wins, 3 to 5, 2022, $320,781 Set ncr at Parx Racing, about 1 1/16 miles in 1:42.71 (10/20/21).
		<hip>414</hip>
		<SaleEntryCode>PH23</SaleEntryCode>
		<SaleCode>FTFEB</SaleCode>
		<SaleName>FT FEB MIXED 21</SaleName>
		<HorseName>No Salt</HorseName>
		<HorseYOB>2017</HorseYOB>
		<HorseSex>g</HorseSex>
		<DamName>**Shea Darby**</DamName>
		<DamDamName>**JESSE'S JUSTICE**</DamDamName>
		<SireName>Tonalist</SireName>
		<OfficialPosition></OfficialPosition>
		<RaceNumber></RaceNumber>
		<RaceType></RaceType>
		<Grade></Grade>
		<RaceDate></RaceDate>
		<TrackName></TrackName>
		<UpdPosition></UpdPosition>
		<Generation>2</Generation>
		<Earnings>320,781</Earnings>
		<BlackType>N</BlackType>
		<WhiteType>Y</WhiteType>
		<UpdateLink></UpdateLink>
	</update>
</FasigTiptonUpdates>
</FasigTiptonSalesServices>