<?xml version="1.0" encoding="UTF-8"?>
<FasigTiptonSalesServices>
<Service>saleUpdates</Service>
<FasigTiptonUpdates>
	<Update>
+    **COUNTY FINAL** (2018 g. by Oxbow). 5 wins, 2 to 4, 2022, $507,730, in N.A./U.S., 1st Tyro S. (MTH, $45,000), 2nd Bashford Manor S. **[G3]** (CD, $19,600), 3rd Woodford S. **[G2]** (KEE, $20,000), Woodford Reserve Da Hoss S. (CNL, $16,500); placed in 1 start at 3, $25,000, in Canada, 2nd Greenwood S. (WO, $25,000). (Total: $527,706).
		<hip>421</hip>
		<SaleEntryCode>PH23</SaleEntryCode>
		<SaleCode>FTFEB</SaleCode>
		<SaleName>FT FEB MIXED 21</SaleName>
		<HorseName>COUNTY FINAL**</HorseName>
		<HorseYOB>2018</HorseYOB>
		<HorseSex>g</HorseSex>
		<DamName>**TAPAJO**</DamName>
		<DamDamName></DamDamName>
		<SireName>Oxbow</SireName>
		<OfficialPosition></OfficialPosition>
		<RaceNumber></RaceNumber>
		<RaceType></RaceType>
		<Grade></Grade>
		<RaceDate></RaceDate>
		<TrackName></TrackName>
		<UpdPosition></UpdPosition>
		<Generation>1</Generation>
		<Earnings>527,706</Earnings>
		<BlackType>Y</BlackType>
		<WhiteType>N</WhiteType>
		<UpdateLink></UpdateLink>
	</update>
</FasigTiptonUpdates>
</FasigTiptonSalesServices>