<?xml version="1.0" encoding="UTF-8"?>
<FasigTiptonSalesServices>
<Service>saleUpdates</Service>
<FasigTiptonUpdates>
	<Update>
+    Fieldsman (2012 c. by Hard Spun). 12 wins, 2 to 10, 2022, 95,908 Pounds, in England. Sent from United States to Ireland in 2013. (Total: $131,328).
		<hip>425</hip>
		<SaleEntryCode>PH23</SaleEntryCode>
		<SaleCode>FTFEB</SaleCode>
		<SaleName>FT FEB MIXED 21</SaleName>
		<HorseName>Fieldsman</HorseName>
		<HorseYOB>2012</HorseYOB>
		<HorseSex>c</HorseSex>
		<DamName>**R CHARLIE'S ANGEL**</DamName>
		<DamDamName></DamDamName>
		<SireName>Hard Spun</SireName>
		<OfficialPosition></OfficialPosition>
		<RaceNumber></RaceNumber>
		<RaceType></RaceType>
		<Grade></Grade>
		<RaceDate></RaceDate>
		<TrackName></TrackName>
		<UpdPosition></UpdPosition>
		<Generation>1</Generation>
		<Earnings>131,328</Earnings>
		<BlackType>N</BlackType>
		<WhiteType>Y</WhiteType>
		<UpdateLink></UpdateLink>
	</update>
</FasigTiptonUpdates>
</FasigTiptonSalesServices>