<?xml version="1.0" encoding="UTF-8"?>
<FasigTiptonSalesServices>
<Service>saleUpdates</Service>
<FasigTiptonUpdates>
	<Update>
+    =De Valera (AUS) (2015 g. by =Not A Single Doubt (AUS)). 3 wins, 3 to 5, placed at 7, 2022, $149,870(AUS), in Australia. (Total: $106,231).
		<hip>429</hip>
		<SaleEntryCode>PH23</SaleEntryCode>
		<SaleCode>FTFEB</SaleCode>
		<SaleName>FT FEB MIXED 21</SaleName>
		<HorseName>De Valera</HorseName>
		<HorseYOB>2015</HorseYOB>
		<HorseSex>g</HorseSex>
		<DamName>QUIET MAGGY</DamName>
		<DamDamName></DamDamName>
		<SireName>=Not A Single Doubt (AUS</SireName>
		<OfficialPosition></OfficialPosition>
		<RaceNumber></RaceNumber>
		<RaceType></RaceType>
		<Grade></Grade>
		<RaceDate></RaceDate>
		<TrackName></TrackName>
		<UpdPosition></UpdPosition>
		<Generation>1</Generation>
		<Earnings>106,231</Earnings>
		<BlackType>N</BlackType>
		<WhiteType>Y</WhiteType>
		<UpdateLink></UpdateLink>
+    .  =Jack The Lad (AUS) (2017 g. by =I Am Invincible (AUS)). 3 wins at 3 and 4, placed at 5, 2022, $164,100(AUS), in Australia. (Total: $119,538).
		<hip>429</hip>
		<SaleEntryCode>PH23</SaleEntryCode>
		<SaleCode>FTFEB</SaleCode>
		<SaleName>FT FEB MIXED 21</SaleName>
		<HorseName>Jack The Lad</HorseName>
		<HorseYOB>2017</HorseYOB>
		<HorseSex>g</HorseSex>
		<DamName>=Luluoru</DamName>
		<DamDamName>QUIET MAGGY</DamDamName>
		<SireName>=I Am Invincible (AUS</SireName>
		<OfficialPosition></OfficialPosition>
		<RaceNumber></RaceNumber>
		<RaceType></RaceType>
		<Grade></Grade>
		<RaceDate></RaceDate>
		<TrackName></TrackName>
		<UpdPosition></UpdPosition>
		<Generation>2</Generation>
		<Earnings>119,538</Earnings>
		<BlackType>N</BlackType>
		<WhiteType>Y</WhiteType>
		<UpdateLink></UpdateLink>
+    .  **HOW DID HE DO THAT** (2020 c. by Good Magic). 2 wins at 2, placed at 3, 2023, $115,558, 1st Zia Park Juvenile S. (ZIA, $44,400), 2nd Riley Allison Derby (SUN, $20,000).
		<hip>429</hip>
		<SaleEntryCode>PH23</SaleEntryCode>
		<SaleCode>FTFEB</SaleCode>
		<SaleName>FT FEB MIXED 21</SaleName>
		<HorseName>HOW DID HE DO THAT**</HorseName>
		<HorseYOB>2020</HorseYOB>
		<HorseSex>c</HorseSex>
		<DamName>**Stormin Maggy**</DamName>
		<DamDamName>MAGGY HAWK</DamDamName>
		<SireName>Good Magic</SireName>
		<OfficialPosition></OfficialPosition>
		<RaceNumber></RaceNumber>
		<RaceType></RaceType>
		<Grade></Grade>
		<RaceDate></RaceDate>
		<TrackName></TrackName>
		<UpdPosition></UpdPosition>
		<Generation>2</Generation>
		<Earnings>115,558</Earnings>
		<BlackType>Y</BlackType>
		<WhiteType>N</WhiteType>
		<UpdateLink></UpdateLink>
+    .  Higher Quality (2018 g. by Tiznow). 2 wins at 4, 2022, $80,870.
		<hip>429</hip>
		<SaleEntryCode>PH23</SaleEntryCode>
		<SaleCode>FTFEB</SaleCode>
		<SaleName>FT FEB MIXED 21</SaleName>
		<HorseName>Higher Quality</HorseName>
		<HorseYOB>2018</HorseYOB>
		<HorseSex>g</HorseSex>
		<DamName>**Stormin Maggy**</DamName>
		<DamDamName>MAGGY HAWK</DamDamName>
		<SireName>Tiznow</SireName>
		<OfficialPosition></OfficialPosition>
		<RaceNumber></RaceNumber>
		<RaceType></RaceType>
		<Grade></Grade>
		<RaceDate></RaceDate>
		<TrackName></TrackName>
		<UpdPosition></UpdPosition>
		<Generation>2</Generation>
		<Earnings>80,870</Earnings>
		<BlackType>N</BlackType>
		<WhiteType>Y</WhiteType>
		<UpdateLink></UpdateLink>
+    .  .  .  Cover Photo (2016 f. by Munnings). 7 wins, 3 to 6, 2022, $186,031.
		<hip>429</hip>
		<SaleEntryCode>PH23</SaleEntryCode>
		<SaleCode>FTFEB</SaleCode>
		<SaleName>FT FEB MIXED 21</SaleName>
		<HorseName>Cover Photo</HorseName>
		<HorseYOB>2016</HorseYOB>
		<HorseSex>f</HorseSex>
		<DamName></DamName>
		<DamDamName></DamDamName>
		<SireName>Munnings</SireName>
		<OfficialPosition></OfficialPosition>
		<RaceNumber></RaceNumber>
		<RaceType></RaceType>
		<Grade></Grade>
		<RaceDate></RaceDate>
		<TrackName></TrackName>
		<UpdPosition></UpdPosition>
		<Generation></Generation>
		<Earnings>186,031</Earnings>
		<BlackType>N</BlackType>
		<WhiteType>Y</WhiteType>
		<UpdateLink></UpdateLink>
+    .  .  Stimulus Maker (2018 g. by Fed Biz). 2 wins at 4, 2022, $73,998.
		<hip>429</hip>
		<SaleEntryCode>PH23</SaleEntryCode>
		<SaleCode>FTFEB</SaleCode>
		<SaleName>FT FEB MIXED 21</SaleName>
		<HorseName>Stimulus Maker</HorseName>
		<HorseYOB>2018</HorseYOB>
		<HorseSex>g</HorseSex>
		<DamName>**CASH'S GIRL**</DamName>
		<DamDamName></DamDamName>
		<SireName>Fed Biz</SireName>
		<OfficialPosition></OfficialPosition>
		<RaceNumber></RaceNumber>
		<RaceType></RaceType>
		<Grade></Grade>
		<RaceDate></RaceDate>
		<TrackName></TrackName>
		<UpdPosition></UpdPosition>
		<Generation>3</Generation>
		<Earnings>73,998</Earnings>
		<BlackType>N</BlackType>
		<WhiteType>Y</WhiteType>
		<UpdateLink></UpdateLink>
+    .  =Isaac Barows (JPN) (2020 c. by =Duramente (JPN)). Placed in 2 starts at 2, 2022, 3,900,000 Yen, in Japan. (Total: $29,216).
		<hip>429</hip>
		<SaleEntryCode>PH23</SaleEntryCode>
		<SaleCode>FTFEB</SaleCode>
		<SaleName>FT FEB MIXED 21</SaleName>
		<HorseName>Isaac Barows</HorseName>
		<HorseYOB>2020</HorseYOB>
		<HorseSex>c</HorseSex>
		<DamName>Curlin Hawk</DamName>
		<DamDamName>MAGGY HAWK</DamDamName>
		<SireName>=Duramente (JPN</SireName>
		<OfficialPosition></OfficialPosition>
		<RaceNumber></RaceNumber>
		<RaceType></RaceType>
		<Grade></Grade>
		<RaceDate></RaceDate>
		<TrackName></TrackName>
		<UpdPosition></UpdPosition>
		<Generation>2</Generation>
		<Earnings>29,216</Earnings>
		<BlackType>N</BlackType>
		<WhiteType>Y</WhiteType>
		<UpdateLink></UpdateLink>
+    .  Awesome Ally Vee (2019 f. by Dialed In). Placed at 3, 2022, $28,939.
		<hip>429</hip>
		<SaleEntryCode>PH23</SaleEntryCode>
		<SaleCode>FTFEB</SaleCode>
		<SaleName>FT FEB MIXED 21</SaleName>
		<HorseName>Awesome Ally Vee</HorseName>
		<HorseYOB>2019</HorseYOB>
		<HorseSex>f</HorseSex>
		<DamName>Awesome Fleet</DamName>
		<DamDamName>MAGGY HAWK</DamDamName>
		<SireName>Dialed In</SireName>
		<OfficialPosition></OfficialPosition>
		<RaceNumber></RaceNumber>
		<RaceType></RaceType>
		<Grade></Grade>
		<RaceDate></RaceDate>
		<TrackName></TrackName>
		<UpdPosition></UpdPosition>
		<Generation>2</Generation>
		<Earnings>28,939</Earnings>
		<BlackType>N</BlackType>
		<WhiteType>Y</WhiteType>
		<UpdateLink></UpdateLink>
	</update>
</FasigTiptonUpdates>
</FasigTiptonSalesServices>