<?xml version="1.0" encoding="UTF-8"?>
<FasigTiptonSalesServices>
<Service>saleUpdates</Service>
<FasigTiptonUpdates>
	<Update>
+    .  .  Champion Risk (2012 f. by Bluegrass Cat). 23 wins, 2 to 9, placed at 10, 2022, $158,894 Set ntr at White Pine Racing, 7 furlongs in 1:25.40 (08/19/18).
		<hip>435</hip>
		<SaleEntryCode>PH23</SaleEntryCode>
		<SaleCode>FTFEB</SaleCode>
		<SaleName>FT FEB MIXED 21</SaleName>
		<HorseName>Champion Risk</HorseName>
		<HorseYOB>2012</HorseYOB>
		<HorseSex>f</HorseSex>
		<DamName>**She's Extreme**</DamName>
		<DamDamName></DamDamName>
		<SireName>Bluegrass Cat</SireName>
		<OfficialPosition></OfficialPosition>
		<RaceNumber></RaceNumber>
		<RaceType></RaceType>
		<Grade></Grade>
		<RaceDate></RaceDate>
		<TrackName></TrackName>
		<UpdPosition></UpdPosition>
		<Generation>3</Generation>
		<Earnings>158,894</Earnings>
		<BlackType>N</BlackType>
		<WhiteType>Y</WhiteType>
		<UpdateLink></UpdateLink>
	</update>
</FasigTiptonUpdates>
</FasigTiptonSalesServices>