<?xml version="1.0" encoding="UTF-8"?>
<FasigTiptonSalesServices>
<Service>saleUpdates</Service>
<FasigTiptonUpdates>
	<Update>
+    .  **ROOKIE SALSA** (2017 g. by Two Step Salsa). 9 wins, 2 to 6, 2023, $304,952, 1st Kentucky Juvenile S. (CD, $75,175), 3rd Tremont S. [L] (BEL, $15,000).
		<hip>443</hip>
		<SaleEntryCode>PH23</SaleEntryCode>
		<SaleCode>FTFEB</SaleCode>
		<SaleName>FT FEB MIXED 21</SaleName>
		<HorseName>ROOKIE SALSA**</HorseName>
		<HorseYOB>2017</HorseYOB>
		<HorseSex>g</HorseSex>
		<DamName>**KALAMBAKA QUEEN**</DamName>
		<DamDamName>STORM PROSPECT</DamDamName>
		<SireName>Two Step Salsa</SireName>
		<OfficialPosition></OfficialPosition>
		<RaceNumber></RaceNumber>
		<RaceType></RaceType>
		<Grade></Grade>
		<RaceDate></RaceDate>
		<TrackName></TrackName>
		<UpdPosition></UpdPosition>
		<Generation>2</Generation>
		<Earnings>304,952</Earnings>
		<BlackType>Y</BlackType>
		<WhiteType>N</WhiteType>
		<UpdateLink></UpdateLink>
+    .  Olive Kat (2016 f. by Drill). 6 wins, 2 to 5, placed at 7, 2023, $261,431.
		<hip>443</hip>
		<SaleEntryCode>PH23</SaleEntryCode>
		<SaleCode>FTFEB</SaleCode>
		<SaleName>FT FEB MIXED 21</SaleName>
		<HorseName>Olive Kat</HorseName>
		<HorseYOB>2016</HorseYOB>
		<HorseSex>f</HorseSex>
		<DamName>**KALAMBAKA QUEEN**</DamName>
		<DamDamName>STORM PROSPECT</DamDamName>
		<SireName>Drill</SireName>
		<OfficialPosition></OfficialPosition>
		<RaceNumber></RaceNumber>
		<RaceType></RaceType>
		<Grade></Grade>
		<RaceDate></RaceDate>
		<TrackName></TrackName>
		<UpdPosition></UpdPosition>
		<Generation>2</Generation>
		<Earnings>261,431</Earnings>
		<BlackType>N</BlackType>
		<WhiteType>Y</WhiteType>
		<UpdateLink></UpdateLink>
+    .  My Two Aunt Joans (2019 g. by Skipshot). Placed at 3 and 4, 2023, $5,422.
		<hip>443</hip>
		<SaleEntryCode>PH23</SaleEntryCode>
		<SaleCode>FTFEB</SaleCode>
		<SaleName>FT FEB MIXED 21</SaleName>
		<HorseName>My Two Aunt Joans</HorseName>
		<HorseYOB>2019</HorseYOB>
		<HorseSex>g</HorseSex>
		<DamName>**KALAMBAKA QUEEN**</DamName>
		<DamDamName>STORM PROSPECT</DamDamName>
		<SireName>Skipshot</SireName>
		<OfficialPosition></OfficialPosition>
		<RaceNumber></RaceNumber>
		<RaceType></RaceType>
		<Grade></Grade>
		<RaceDate></RaceDate>
		<TrackName></TrackName>
		<UpdPosition></UpdPosition>
		<Generation>2</Generation>
		<Earnings>5,422</Earnings>
		<BlackType>N</BlackType>
		<WhiteType>Y</WhiteType>
		<UpdateLink></UpdateLink>
	</update>
</FasigTiptonUpdates>
</FasigTiptonSalesServices>