<?xml version="1.0" encoding="UTF-8"?>
<FasigTiptonSalesServices>
<Service>saleUpdates</Service>
<FasigTiptonUpdates>
	<Update>
+    **ZAINHOM** (2014 c. by Street Cry (IRE)). Winner at 2, 37,065 Pounds, in England, 2nd Dubai 100 Autumn S. **[G3]**, 3rd JLT Greenham S. **[G3]**, Matchbook Traders Conference Heron S. [L]; winner at 5 and 7, placed at 8, 2022, 1,028,588 Dirhams, in United Arab Emirates, 1st Friday Meydan Challenge [L], 2nd NBD Asset Management Meydan Challenge [L], 3rd Mina By Azizi Al Fahidi Fort **[G2]**, HH The President Cup [L] twice. Sent from United States to United Arab Emirates in 2015. (Total: $327,398).
		<hip>448</hip>
		<SaleEntryCode>PH23</SaleEntryCode>
		<SaleCode>FTFEB</SaleCode>
		<SaleName>FT FEB MIXED 21</SaleName>
		<HorseName>ZAINHOM**</HorseName>
		<HorseYOB>2014</HorseYOB>
		<HorseSex>c</HorseSex>
		<DamName>KASEEMA</DamName>
		<DamDamName></DamDamName>
		<SireName>Street Cry (IRE</SireName>
		<OfficialPosition></OfficialPosition>
		<RaceNumber></RaceNumber>
		<RaceType></RaceType>
		<Grade></Grade>
		<RaceDate></RaceDate>
		<TrackName></TrackName>
		<UpdPosition></UpdPosition>
		<Generation>1</Generation>
		<Earnings>327,398</Earnings>
		<BlackType>Y</BlackType>
		<WhiteType>N</WhiteType>
		<UpdateLink></UpdateLink>
+    .  =Ghumama (IRE) (2018 f. by =Dawn Approach (IRE)). Winner at 4, placed at 5, 2023, 14,330 Euro, in Ireland; placed at 2, 2,868 Pounds, in England. (Total: $18,916).
		<hip>448</hip>
		<SaleEntryCode>PH23</SaleEntryCode>
		<SaleCode>FTFEB</SaleCode>
		<SaleName>FT FEB MIXED 21</SaleName>
		<HorseName>Ghumama</HorseName>
		<HorseYOB>2018</HorseYOB>
		<HorseSex>f</HorseSex>
		<DamName>Bishara</DamName>
		<DamDamName>KASEEMA</DamDamName>
		<SireName>=Dawn Approach (IRE</SireName>
		<OfficialPosition></OfficialPosition>
		<RaceNumber></RaceNumber>
		<RaceType></RaceType>
		<Grade></Grade>
		<RaceDate></RaceDate>
		<TrackName></TrackName>
		<UpdPosition></UpdPosition>
		<Generation>2</Generation>
		<Earnings>18,916</Earnings>
		<BlackType>N</BlackType>
		<WhiteType>Y</WhiteType>
		<UpdateLink></UpdateLink>
+    .  .  =Indigo Black (JPN) (2019 c. by =Kitasan Black (JPN)). 2 wins at 3, 2022, 15,100,000 Yen, in Japan. (Total: $124,237).
		<hip>448</hip>
		<SaleEntryCode>PH23</SaleEntryCode>
		<SaleCode>FTFEB</SaleCode>
		<SaleName>FT FEB MIXED 21</SaleName>
		<HorseName>Indigo Black</HorseName>
		<HorseYOB>2019</HorseYOB>
		<HorseSex>c</HorseSex>
		<DamName>Carnival Dax</DamName>
		<DamDamName></DamDamName>
		<SireName>=Kitasan Black (JPN</SireName>
		<OfficialPosition></OfficialPosition>
		<RaceNumber></RaceNumber>
		<RaceType></RaceType>
		<Grade></Grade>
		<RaceDate></RaceDate>
		<TrackName></TrackName>
		<UpdPosition></UpdPosition>
		<Generation>3</Generation>
		<Earnings>124,237</Earnings>
		<BlackType>N</BlackType>
		<WhiteType>Y</WhiteType>
		<UpdateLink></UpdateLink>
	</update>
</FasigTiptonUpdates>
</FasigTiptonSalesServices>