<?xml version="1.0" encoding="UTF-8"?>
<FasigTiptonSalesServices>
<Service>saleUpdates</Service>
<FasigTiptonUpdates>
	<Update>
+    .  Get Them Justin (2018 g. by Half Ours). 6 wins, 2 to 4, 2022, $122,810.
		<hip>455</hip>
		<SaleEntryCode>PH23</SaleEntryCode>
		<SaleCode>FTFEB</SaleCode>
		<SaleName>FT FEB MIXED 21</SaleName>
		<HorseName>Get Them Justin</HorseName>
		<HorseYOB>2018</HorseYOB>
		<HorseSex>g</HorseSex>
		<DamName>More Than Less</DamName>
		<DamDamName>WINTER SOLSTICE</DamDamName>
		<SireName>Half Ours</SireName>
		<OfficialPosition></OfficialPosition>
		<RaceNumber></RaceNumber>
		<RaceType></RaceType>
		<Grade></Grade>
		<RaceDate></RaceDate>
		<TrackName></TrackName>
		<UpdPosition></UpdPosition>
		<Generation>2</Generation>
		<Earnings>122,810</Earnings>
		<BlackType>N</BlackType>
		<WhiteType>Y</WhiteType>
		<UpdateLink></UpdateLink>
+    .  =Unexpected Party (FR) (2015 g. by =Martaline (GB)). Winner at 6 and 7, placed at 8, 2023, 48,884 Pounds, in England. (Total: $63,368).
		<hip>455</hip>
		<SaleEntryCode>PH23</SaleEntryCode>
		<SaleCode>FTFEB</SaleCode>
		<SaleName>FT FEB MIXED 21</SaleName>
		<HorseName>Unexpected Party</HorseName>
		<HorseYOB>2015</HorseYOB>
		<HorseSex>g</HorseSex>
		<DamName>**REFORM ACT**</DamName>
		<DamDamName>SOLAR COLONY</DamDamName>
		<SireName>=Martaline (GB</SireName>
		<OfficialPosition></OfficialPosition>
		<RaceNumber></RaceNumber>
		<RaceType></RaceType>
		<Grade></Grade>
		<RaceDate></RaceDate>
		<TrackName></TrackName>
		<UpdPosition></UpdPosition>
		<Generation>2</Generation>
		<Earnings>63,368</Earnings>
		<BlackType>N</BlackType>
		<WhiteType>Y</WhiteType>
		<UpdateLink></UpdateLink>
+    .  .  .  I Am the Cash Man (2018 g. by Carpe Diem). 3 wins at 4, 2022, $63,896.
		<hip>455</hip>
		<SaleEntryCode>PH23</SaleEntryCode>
		<SaleCode>FTFEB</SaleCode>
		<SaleName>FT FEB MIXED 21</SaleName>
		<HorseName>I Am the Cash Man</HorseName>
		<HorseYOB>2018</HorseYOB>
		<HorseSex>g</HorseSex>
		<DamName></DamName>
		<DamDamName></DamDamName>
		<SireName>Carpe Diem</SireName>
		<OfficialPosition></OfficialPosition>
		<RaceNumber></RaceNumber>
		<RaceType></RaceType>
		<Grade></Grade>
		<RaceDate></RaceDate>
		<TrackName></TrackName>
		<UpdPosition></UpdPosition>
		<Generation></Generation>
		<Earnings>63,896</Earnings>
		<BlackType>N</BlackType>
		<WhiteType>Y</WhiteType>
		<UpdateLink></UpdateLink>
+    .  Awkward Pause (2019 g. by Lemon Drop Kid). Winner at 3 and 4, 2023, $23,255.
		<hip>455</hip>
		<SaleEntryCode>PH23</SaleEntryCode>
		<SaleCode>FTFEB</SaleCode>
		<SaleName>FT FEB MIXED 21</SaleName>
		<HorseName>Awkward Pause</HorseName>
		<HorseYOB>2019</HorseYOB>
		<HorseSex>g</HorseSex>
		<DamName>Meister Legend</DamName>
		<DamDamName>SOLAR COLONY</DamDamName>
		<SireName>Lemon Drop Kid</SireName>
		<OfficialPosition></OfficialPosition>
		<RaceNumber></RaceNumber>
		<RaceType></RaceType>
		<Grade></Grade>
		<RaceDate></RaceDate>
		<TrackName></TrackName>
		<UpdPosition></UpdPosition>
		<Generation>2</Generation>
		<Earnings>23,255</Earnings>
		<BlackType>N</BlackType>
		<WhiteType>Y</WhiteType>
		<UpdateLink></UpdateLink>
+    .  Akemi (2019 f. by Songandaprayer). 3 wins at 3 and 4, 2023, $53,540.
		<hip>455</hip>
		<SaleEntryCode>PH23</SaleEntryCode>
		<SaleCode>FTFEB</SaleCode>
		<SaleName>FT FEB MIXED 21</SaleName>
		<HorseName>Akemi</HorseName>
		<HorseYOB>2019</HorseYOB>
		<HorseSex>f</HorseSex>
		<DamName>Solar Dance</DamName>
		<DamDamName>SOLAR COLONY</DamDamName>
		<SireName>Songandaprayer</SireName>
		<OfficialPosition></OfficialPosition>
		<RaceNumber></RaceNumber>
		<RaceType></RaceType>
		<Grade></Grade>
		<RaceDate></RaceDate>
		<TrackName></TrackName>
		<UpdPosition></UpdPosition>
		<Generation>2</Generation>
		<Earnings>53,540</Earnings>
		<BlackType>N</BlackType>
		<WhiteType>Y</WhiteType>
		<UpdateLink></UpdateLink>
	</update>
</FasigTiptonUpdates>
</FasigTiptonSalesServices>