<?xml version="1.0" encoding="UTF-8"?>
<FasigTiptonSalesServices>
<Service>saleUpdates</Service>
<FasigTiptonUpdates>
	<Update>
+    .  **RED FLAG** (2018 c. by Tamarkuz). 2 wins at 2, placed at 5, 2023, $140,560, 1st Bob Hope S. **[G3]** (DMR, $60,000), 3rd Pasadena S. [L] (SA, $12,000).
		<hip>46</hip>
		<SaleEntryCode>PH23</SaleEntryCode>
		<SaleCode>FTFEB</SaleCode>
		<SaleName>FT FEB MIXED 21</SaleName>
		<HorseName>RED FLAG**</HorseName>
		<HorseYOB>2018</HorseYOB>
		<HorseSex>c</HorseSex>
		<DamName>Surrender</DamName>
		<DamDamName>**Beaucette**</DamDamName>
		<SireName>Tamarkuz</SireName>
		<OfficialPosition></OfficialPosition>
		<RaceNumber></RaceNumber>
		<RaceType></RaceType>
		<Grade></Grade>
		<RaceDate></RaceDate>
		<TrackName></TrackName>
		<UpdPosition></UpdPosition>
		<Generation>2</Generation>
		<Earnings>140,560</Earnings>
		<BlackType>Y</BlackType>
		<WhiteType>N</WhiteType>
		<UpdateLink></UpdateLink>
	</update>
</FasigTiptonUpdates>
</FasigTiptonSalesServices>