<?xml version="1.0" encoding="UTF-8"?>
<FasigTiptonSalesServices>
<Service>saleUpdates</Service>
<FasigTiptonUpdates>
	<Update>
+    .  .  =Kashino Blend (JPN) (2016 g. by =Captain Thule (JPN)). 3 wins at 3 and 5, placed at 6, 2022, 52,610,000 Yen, in Japan. (Total: $476,101).
		<hip>476</hip>
		<SaleEntryCode>PH23</SaleEntryCode>
		<SaleCode>FTFEB</SaleCode>
		<SaleName>FT FEB MIXED 21</SaleName>
		<HorseName>Kashino Blend</HorseName>
		<HorseYOB>2016</HorseYOB>
		<HorseSex>g</HorseSex>
		<DamName>=Setouchi Dia</DamName>
		<DamDamName></DamDamName>
		<SireName>=Captain Thule (JPN</SireName>
		<OfficialPosition></OfficialPosition>
		<RaceNumber></RaceNumber>
		<RaceType></RaceType>
		<Grade></Grade>
		<RaceDate></RaceDate>
		<TrackName></TrackName>
		<UpdPosition></UpdPosition>
		<Generation>3</Generation>
		<Earnings>476,101</Earnings>
		<BlackType>N</BlackType>
		<WhiteType>Y</WhiteType>
		<UpdateLink></UpdateLink>
+    .  .  =Gold Saber (JPN) (2017 g. by Espoir City (JPN)). 4 wins at 2 and 5, 2022, 9,560,000 Yen, in Japan. (Total: $85,649).
		<hip>476</hip>
		<SaleEntryCode>PH23</SaleEntryCode>
		<SaleCode>FTFEB</SaleCode>
		<SaleName>FT FEB MIXED 21</SaleName>
		<HorseName>Gold Saber</HorseName>
		<HorseYOB>2017</HorseYOB>
		<HorseSex>g</HorseSex>
		<DamName>=Setouchi Dia</DamName>
		<DamDamName></DamDamName>
		<SireName>Espoir City (JPN</SireName>
		<OfficialPosition></OfficialPosition>
		<RaceNumber></RaceNumber>
		<RaceType></RaceType>
		<Grade></Grade>
		<RaceDate></RaceDate>
		<TrackName></TrackName>
		<UpdPosition></UpdPosition>
		<Generation>3</Generation>
		<Earnings>85,649</Earnings>
		<BlackType>N</BlackType>
		<WhiteType>Y</WhiteType>
		<UpdateLink></UpdateLink>
+    .  .  =Misuzu Grand O (JPN) (2018 c. by South Vigorous). 4 wins at 2 and 3, placed at 4, 2022, 78,143,000 Yen, in Japan. (Total: $693,214).
		<hip>476</hip>
		<SaleEntryCode>PH23</SaleEntryCode>
		<SaleCode>FTFEB</SaleCode>
		<SaleName>FT FEB MIXED 21</SaleName>
		<HorseName>Misuzu Grand O</HorseName>
		<HorseYOB>2018</HorseYOB>
		<HorseSex>c</HorseSex>
		<DamName>=Suzuka Chantilly</DamName>
		<DamDamName></DamDamName>
		<SireName>South Vigorous</SireName>
		<OfficialPosition></OfficialPosition>
		<RaceNumber></RaceNumber>
		<RaceType></RaceType>
		<Grade></Grade>
		<RaceDate></RaceDate>
		<TrackName></TrackName>
		<UpdPosition></UpdPosition>
		<Generation>3</Generation>
		<Earnings>693,214</Earnings>
		<BlackType>N</BlackType>
		<WhiteType>Y</WhiteType>
		<UpdateLink></UpdateLink>
+    .  .  =Shigeru Ruby (JPN) (2016 f. by =Kinshasa no Kiseki (AUS)). 11 wins, 3 to 5, placed at 6, 2022, 29,006,000 Yen, in Japan. (Total: $256,018).
		<hip>476</hip>
		<SaleEntryCode>PH23</SaleEntryCode>
		<SaleCode>FTFEB</SaleCode>
		<SaleName>FT FEB MIXED 21</SaleName>
		<HorseName>Shigeru Ruby</HorseName>
		<HorseYOB>2016</HorseYOB>
		<HorseSex>f</HorseSex>
		<DamName>=Suzuka Chantilly</DamName>
		<DamDamName></DamDamName>
		<SireName>(JPN</SireName>
		<OfficialPosition></OfficialPosition>
		<RaceNumber></RaceNumber>
		<RaceType></RaceType>
		<Grade></Grade>
		<RaceDate></RaceDate>
		<TrackName></TrackName>
		<UpdPosition></UpdPosition>
		<Generation>3</Generation>
		<Earnings>256,018</Earnings>
		<BlackType>N</BlackType>
		<WhiteType>Y</WhiteType>
		<UpdateLink></UpdateLink>
+    .  .  =Follow Your Heart (JPN) (2015 f. by =Suzuka Mambo (JPN)). 7 wins, 2 to 8, 2023, 12,672,000 Yen, in Japan. (Total: $112,026).
		<hip>476</hip>
		<SaleEntryCode>PH23</SaleEntryCode>
		<SaleCode>FTFEB</SaleCode>
		<SaleName>FT FEB MIXED 21</SaleName>
		<HorseName>Follow Your Heart</HorseName>
		<HorseYOB>2015</HorseYOB>
		<HorseSex>f</HorseSex>
		<DamName>=Hayabusa Loveheart</DamName>
		<DamDamName></DamDamName>
		<SireName>=Suzuka Mambo (JPN</SireName>
		<OfficialPosition></OfficialPosition>
		<RaceNumber></RaceNumber>
		<RaceType></RaceType>
		<Grade></Grade>
		<RaceDate></RaceDate>
		<TrackName></TrackName>
		<UpdPosition></UpdPosition>
		<Generation>3</Generation>
		<Earnings>112,026</Earnings>
		<BlackType>N</BlackType>
		<WhiteType>Y</WhiteType>
		<UpdateLink></UpdateLink>
	</update>
</FasigTiptonUpdates>
</FasigTiptonSalesServices>