<?xml version="1.0" encoding="UTF-8"?>
<FasigTiptonSalesServices>
<Service>saleUpdates</Service>
<FasigTiptonUpdates>
	<Update>
+    .  .  Blessed Again (2016 f. by Paynter). 5 wins, 3 to 5, placed at 6, 2022, $312,382.
		<hip>51</hip>
		<SaleEntryCode>PH23</SaleEntryCode>
		<SaleCode>FTFEB</SaleCode>
		<SaleName>FT FEB MIXED 21</SaleName>
		<HorseName>Blessed Again</HorseName>
		<HorseYOB>2016</HorseYOB>
		<HorseSex>f</HorseSex>
		<DamName>**Swiss Army Wife**</DamName>
		<DamDamName></DamDamName>
		<SireName>Paynter</SireName>
		<OfficialPosition></OfficialPosition>
		<RaceNumber></RaceNumber>
		<RaceType></RaceType>
		<Grade></Grade>
		<RaceDate></RaceDate>
		<TrackName></TrackName>
		<UpdPosition></UpdPosition>
		<Generation>3</Generation>
		<Earnings>312,382</Earnings>
		<BlackType>N</BlackType>
		<WhiteType>Y</WhiteType>
		<UpdateLink></UpdateLink>
+    .  .  Bella's Back (2014 f. by Hold Me Back). 14 wins, 2 to 8, 2022, $142,347.
		<hip>51</hip>
		<SaleEntryCode>PH23</SaleEntryCode>
		<SaleCode>FTFEB</SaleCode>
		<SaleName>FT FEB MIXED 21</SaleName>
		<HorseName>Bella's Back</HorseName>
		<HorseYOB>2014</HorseYOB>
		<HorseSex>f</HorseSex>
		<DamName>Bella Bliss</DamName>
		<DamDamName></DamDamName>
		<SireName>Hold Me Back</SireName>
		<OfficialPosition></OfficialPosition>
		<RaceNumber></RaceNumber>
		<RaceType></RaceType>
		<Grade></Grade>
		<RaceDate></RaceDate>
		<TrackName></TrackName>
		<UpdPosition></UpdPosition>
		<Generation>3</Generation>
		<Earnings>142,347</Earnings>
		<BlackType>N</BlackType>
		<WhiteType>Y</WhiteType>
		<UpdateLink></UpdateLink>
	</update>
</FasigTiptonUpdates>
</FasigTiptonSalesServices>