<?xml version="1.0" encoding="UTF-8"?>
<FasigTiptonSalesServices>
<Service>saleUpdates</Service>
<FasigTiptonUpdates>
	<Update>
+    .  .  =Admire Halley (JPN) (2018 c. by =Maurice (JPN)). Winner at 2 and 4, placed at 5, 2023, 32,995,000 Yen, in Japan. (Total: $280,239).
		<hip>525</hip>
		<SaleEntryCode>PH23</SaleEntryCode>
		<SaleCode>FTFEB</SaleCode>
		<SaleName>FT FEB MIXED 21</SaleName>
		<HorseName>Admire Halley</HorseName>
		<HorseYOB>2018</HorseYOB>
		<HorseSex>c</HorseSex>
		<DamName>=Admire Cima</DamName>
		<DamDamName></DamDamName>
		<SireName>=Maurice (JPN</SireName>
		<OfficialPosition></OfficialPosition>
		<RaceNumber></RaceNumber>
		<RaceType></RaceType>
		<Grade></Grade>
		<RaceDate></RaceDate>
		<TrackName></TrackName>
		<UpdPosition></UpdPosition>
		<Generation>3</Generation>
		<Earnings>280,239</Earnings>
		<BlackType>N</BlackType>
		<WhiteType>Y</WhiteType>
		<UpdateLink></UpdateLink>
+    .  .  =Uncle Teio (JPN) (2016 c. by =Harbinger (GB)). 3 wins, 3 to 6, 2022, 13,062,000 Yen, in Japan. (Total: $117,825).
		<hip>525</hip>
		<SaleEntryCode>PH23</SaleEntryCode>
		<SaleCode>FTFEB</SaleCode>
		<SaleName>FT FEB MIXED 21</SaleName>
		<HorseName>Uncle Teio</HorseName>
		<HorseYOB>2016</HorseYOB>
		<HorseSex>c</HorseSex>
		<DamName>=Spatlese</DamName>
		<DamDamName></DamDamName>
		<SireName>=Harbinger (GB</SireName>
		<OfficialPosition></OfficialPosition>
		<RaceNumber></RaceNumber>
		<RaceType></RaceType>
		<Grade></Grade>
		<RaceDate></RaceDate>
		<TrackName></TrackName>
		<UpdPosition></UpdPosition>
		<Generation>3</Generation>
		<Earnings>117,825</Earnings>
		<BlackType>N</BlackType>
		<WhiteType>Y</WhiteType>
		<UpdateLink></UpdateLink>
+    .  **=ROMAN TURBO (IRE)** (2017 g. by =Holy Roman Emperor (IRE)). 2 wins in 4 starts at 2, 55,870 Euro, in Ireland, 1st Jebel Ali Racecourse & Stables Anglesey S. **[G3]**; winner at 4, placed at 5, 2022, $3,328,275(HK), in Hong Kong. (Total: $490,971).
		<hip>525</hip>
		<SaleEntryCode>PH23</SaleEntryCode>
		<SaleCode>FTFEB</SaleCode>
		<SaleName>FT FEB MIXED 21</SaleName>
		<HorseName>ROMAN TURBO</HorseName>
		<HorseYOB>2017</HorseYOB>
		<HorseSex>g</HorseSex>
		<DamName>=Swish</DamName>
		<DamDamName>SO SEDULOUS</DamDamName>
		<SireName>=Holy Roman Emperor (IRE</SireName>
		<OfficialPosition></OfficialPosition>
		<RaceNumber></RaceNumber>
		<RaceType></RaceType>
		<Grade></Grade>
		<RaceDate></RaceDate>
		<TrackName></TrackName>
		<UpdPosition></UpdPosition>
		<Generation>2</Generation>
		<Earnings>490,971</Earnings>
		<BlackType>Y</BlackType>
		<WhiteType>N</WhiteType>
		<UpdateLink></UpdateLink>
+    .  =Sweet Victory (IRE) (2018 f. by =Holy Roman Emperor (IRE)). 3 wins at 3 and 4, 2022, 106,008 Euro, in France. (Total: $121,606).
		<hip>525</hip>
		<SaleEntryCode>PH23</SaleEntryCode>
		<SaleCode>FTFEB</SaleCode>
		<SaleName>FT FEB MIXED 21</SaleName>
		<HorseName>Sweet Victory</HorseName>
		<HorseYOB>2018</HorseYOB>
		<HorseSex>f</HorseSex>
		<DamName>=Swish</DamName>
		<DamDamName>SO SEDULOUS</DamDamName>
		<SireName>=Holy Roman Emperor (IRE</SireName>
		<OfficialPosition></OfficialPosition>
		<RaceNumber></RaceNumber>
		<RaceType></RaceType>
		<Grade></Grade>
		<RaceDate></RaceDate>
		<TrackName></TrackName>
		<UpdPosition></UpdPosition>
		<Generation>2</Generation>
		<Earnings>121,606</Earnings>
		<BlackType>N</BlackType>
		<WhiteType>Y</WhiteType>
		<UpdateLink></UpdateLink>
	</update>
</FasigTiptonUpdates>
</FasigTiptonSalesServices>