<?xml version="1.0" encoding="UTF-8"?>
<FasigTiptonSalesServices>
<Service>saleUpdates</Service>
<FasigTiptonUpdates>
	<Update>
+    .  **Portos** (2017 c. by Tapit). Winner at 2 and 4, placed at 5, 2022, $254,174, 2nd Flat Out S. [L] (BEL, $20,000), 3rd Withers S. **[G3]** (AQU, $30,000), Isaac Murphy Marathon Overnight S. (CD, $12,820).
		<hip>527</hip>
		<SaleEntryCode>PH23</SaleEntryCode>
		<SaleCode>FTFEB</SaleCode>
		<SaleName>FT FEB MIXED 21</SaleName>
		<HorseName>Portos**</HorseName>
		<HorseYOB>2017</HorseYOB>
		<HorseSex>c</HorseSex>
		<DamName>**FIERCE BOOTS**</DamName>
		<DamDamName>**SHOP AGAIN**</DamDamName>
		<SireName>Tapit</SireName>
		<OfficialPosition></OfficialPosition>
		<RaceNumber></RaceNumber>
		<RaceType></RaceType>
		<Grade></Grade>
		<RaceDate></RaceDate>
		<TrackName></TrackName>
		<UpdPosition></UpdPosition>
		<Generation>2</Generation>
		<Earnings>254,174</Earnings>
		<BlackType>Y</BlackType>
		<WhiteType>N</WhiteType>
		<UpdateLink></UpdateLink>
+    .  Biggie (2018 g. by Uncle Mo). Placed, 3 to 5, 2023, $30,418.
		<hip>527</hip>
		<SaleEntryCode>PH23</SaleEntryCode>
		<SaleCode>FTFEB</SaleCode>
		<SaleName>FT FEB MIXED 21</SaleName>
		<HorseName>Biggie</HorseName>
		<HorseYOB>2018</HorseYOB>
		<HorseSex>g</HorseSex>
		<DamName>Fast Retailing</DamName>
		<DamDamName>**SHOP AGAIN**</DamDamName>
		<SireName>Uncle Mo</SireName>
		<OfficialPosition></OfficialPosition>
		<RaceNumber></RaceNumber>
		<RaceType></RaceType>
		<Grade></Grade>
		<RaceDate></RaceDate>
		<TrackName></TrackName>
		<UpdPosition></UpdPosition>
		<Generation>2</Generation>
		<Earnings>30,418</Earnings>
		<BlackType>N</BlackType>
		<WhiteType>Y</WhiteType>
		<UpdateLink></UpdateLink>
	</update>
</FasigTiptonUpdates>
</FasigTiptonSalesServices>