<?xml version="1.0" encoding="UTF-8"?>
<FasigTiptonSalesServices>
<Service>saleUpdates</Service>
<FasigTiptonUpdates>
	<Update>
+    Botero (2015 g. by Medaglia d'Oro). 8 wins, 4 to 8, 2023, $104,642 Set ntr at Arizona Downs, 5 1/2 furlongs in 1:02.32 (07/21/21). Set ntr at Arizona Downs, 5 1/2 furlongs in 1:01.56 (08/17/21).
		<hip>532</hip>
		<SaleEntryCode>PH23</SaleEntryCode>
		<SaleCode>FTFEB</SaleCode>
		<SaleName>FT FEB MIXED 21</SaleName>
		<HorseName>Botero</HorseName>
		<HorseYOB>2015</HorseYOB>
		<HorseSex>g</HorseSex>
		<DamName>**BURBAN**</DamName>
		<DamDamName></DamDamName>
		<SireName>Medaglia d'Oro</SireName>
		<OfficialPosition></OfficialPosition>
		<RaceNumber></RaceNumber>
		<RaceType></RaceType>
		<Grade></Grade>
		<RaceDate></RaceDate>
		<TrackName></TrackName>
		<UpdPosition></UpdPosition>
		<Generation>1</Generation>
		<Earnings>104,642</Earnings>
		<BlackType>N</BlackType>
		<WhiteType>Y</WhiteType>
		<UpdateLink></UpdateLink>
+    Mostly Harmless (2019 f. by Violence). Winner at 4, 2023, $100,485.
		<hip>532</hip>
		<SaleEntryCode>PH23</SaleEntryCode>
		<SaleCode>FTFEB</SaleCode>
		<SaleName>FT FEB MIXED 21</SaleName>
		<HorseName>Mostly Harmless</HorseName>
		<HorseYOB>2019</HorseYOB>
		<HorseSex>f</HorseSex>
		<DamName>**BURBAN**</DamName>
		<DamDamName></DamDamName>
		<SireName>Violence</SireName>
		<OfficialPosition></OfficialPosition>
		<RaceNumber></RaceNumber>
		<RaceType></RaceType>
		<Grade></Grade>
		<RaceDate></RaceDate>
		<TrackName></TrackName>
		<UpdPosition></UpdPosition>
		<Generation>1</Generation>
		<Earnings>100,485</Earnings>
		<BlackType>N</BlackType>
		<WhiteType>Y</WhiteType>
		<UpdateLink></UpdateLink>
	</update>
</FasigTiptonUpdates>
</FasigTiptonSalesServices>