<?xml version="1.0" encoding="UTF-8"?>
<FasigTiptonSalesServices>
<Service>saleUpdates</Service>
<FasigTiptonUpdates>
	<Update>
+    .  **Mystere C** (2020 f. by Kantharos). Placed at 2 and 3, 2023, $16,960, 3rd Clasico Accion de Gracias S. [L].
		<hip>54</hip>
		<SaleEntryCode>PH23</SaleEntryCode>
		<SaleCode>FTFEB</SaleCode>
		<SaleName>FT FEB MIXED 21</SaleName>
		<HorseName>Mystere C**</HorseName>
		<HorseYOB>2020</HorseYOB>
		<HorseSex>f</HorseSex>
		<DamName>Strange Design</DamName>
		<DamDamName>UNION FLAG</DamDamName>
		<SireName>Kantharos</SireName>
		<OfficialPosition></OfficialPosition>
		<RaceNumber></RaceNumber>
		<RaceType></RaceType>
		<Grade></Grade>
		<RaceDate></RaceDate>
		<TrackName></TrackName>
		<UpdPosition></UpdPosition>
		<Generation>2</Generation>
		<Earnings>16,960</Earnings>
		<BlackType>Y</BlackType>
		<WhiteType>N</WhiteType>
		<UpdateLink></UpdateLink>
+    .  .  **BANGO** (2017 c. by Congrats). 11 wins, 2 to 5, placed at 6, 2023, $987,715, 1st Bet on Sunshine S. [L] (CD, $178,800), Aristides S. [L] (CD, $120,245), Aristides S. [L] (CD, $88,350), Kelly's Landing Overnight S. (CD, $65,640), Mayers Electric Company Animal Kingdom S. (TP, $45,105), Good Lord S. (ELP, $46,000), 2nd Duncan F. Kenner S. [L] (FG, $20,000), Richard R. Scherer Memorial S. (FG, $20,000), 3rd Louisville Thoroughbred Society S. (CD, $27,275).
		<hip>54</hip>
		<SaleEntryCode>PH23</SaleEntryCode>
		<SaleCode>FTFEB</SaleCode>
		<SaleName>FT FEB MIXED 21</SaleName>
		<HorseName>BANGO**</HorseName>
		<HorseYOB>2017</HorseYOB>
		<HorseSex>c</HorseSex>
		<DamName>Josaka</DamName>
		<DamDamName></DamDamName>
		<SireName>Congrats</SireName>
		<OfficialPosition></OfficialPosition>
		<RaceNumber></RaceNumber>
		<RaceType></RaceType>
		<Grade></Grade>
		<RaceDate></RaceDate>
		<TrackName></TrackName>
		<UpdPosition></UpdPosition>
		<Generation>3</Generation>
		<Earnings>987,715</Earnings>
		<BlackType>Y</BlackType>
		<WhiteType>N</WhiteType>
		<UpdateLink></UpdateLink>
	</update>
</FasigTiptonUpdates>
</FasigTiptonSalesServices>