<?xml version="1.0" encoding="UTF-8"?>
<FasigTiptonSalesServices>
<Service>saleUpdates</Service>
<FasigTiptonUpdates>
	<Update>
+    =Wake Gold (GER) (2015 f. by =Sepoy (AUS)). 13 wins, 2 to 7, placed at 8, 2023, 71,550 Euro, in Italy. (Total: $80,839).
		<hip>567</hip>
		<SaleEntryCode>PH23</SaleEntryCode>
		<SaleCode>FTFEB</SaleCode>
		<SaleName>FT FEB MIXED 21</SaleName>
		<HorseName>Wake Gold</HorseName>
		<HorseYOB>2015</HorseYOB>
		<HorseSex>f</HorseSex>
		<DamName>=WALAYTA (GER)</DamName>
		<DamDamName></DamDamName>
		<SireName>=Sepoy (AUS</SireName>
		<OfficialPosition></OfficialPosition>
		<RaceNumber></RaceNumber>
		<RaceType></RaceType>
		<Grade></Grade>
		<RaceDate></RaceDate>
		<TrackName></TrackName>
		<UpdPosition></UpdPosition>
		<Generation>1</Generation>
		<Earnings>80,839</Earnings>
		<BlackType>N</BlackType>
		<WhiteType>Y</WhiteType>
		<UpdateLink></UpdateLink>
	</update>
</FasigTiptonUpdates>
</FasigTiptonSalesServices>