<?xml version="1.0" encoding="UTF-8"?>
<FasigTiptonSalesServices>
<Service>saleUpdates</Service>
<FasigTiptonUpdates>
	<Update>
+    .  **MUCHO** (2016 c. by Blame). 7 wins, 2 to 5, placed at 6, 2022, $741,234, 1st Challedon S. (PIM, $60,000), 2nd Hopeful S. **[G1]** (SAR, $70,000), Bet on Sunshine S. [L] (CD, $59,500), Fifth Season S. [L] (OP, $30,000), Kelly's Landing Overnight S. (CD, $21,400), Chesapeake S. (CNL, $20,000), 3rd Stoll Keenon Ogden Phoenix S. **[G2]** (KEE, $25,000).
		<hip>68</hip>
		<SaleEntryCode>PH23</SaleEntryCode>
		<SaleCode>FTFEB</SaleCode>
		<SaleName>FT FEB MIXED 21</SaleName>
		<HorseName>MUCHO**</HorseName>
		<HorseYOB>2016</HorseYOB>
		<HorseSex>c</HorseSex>
		<DamName>Extent</DamName>
		<DamDamName>**LIMIT**</DamDamName>
		<SireName>Blame</SireName>
		<OfficialPosition></OfficialPosition>
		<RaceNumber></RaceNumber>
		<RaceType></RaceType>
		<Grade></Grade>
		<RaceDate></RaceDate>
		<TrackName></TrackName>
		<UpdPosition></UpdPosition>
		<Generation>2</Generation>
		<Earnings>741,234</Earnings>
		<BlackType>Y</BlackType>
		<WhiteType>N</WhiteType>
		<UpdateLink></UpdateLink>
+    .  Amount (2018 g. by Curlin). 4 wins at 2 and 4, 2022, $117,580.
		<hip>68</hip>
		<SaleEntryCode>PH23</SaleEntryCode>
		<SaleCode>FTFEB</SaleCode>
		<SaleName>FT FEB MIXED 21</SaleName>
		<HorseName>Amount</HorseName>
		<HorseYOB>2018</HorseYOB>
		<HorseSex>g</HorseSex>
		<DamName>Extent</DamName>
		<DamDamName>**LIMIT**</DamDamName>
		<SireName>Curlin</SireName>
		<OfficialPosition></OfficialPosition>
		<RaceNumber></RaceNumber>
		<RaceType></RaceType>
		<Grade></Grade>
		<RaceDate></RaceDate>
		<TrackName></TrackName>
		<UpdPosition></UpdPosition>
		<Generation>2</Generation>
		<Earnings>117,580</Earnings>
		<BlackType>N</BlackType>
		<WhiteType>Y</WhiteType>
		<UpdateLink></UpdateLink>
	</update>
</FasigTiptonUpdates>
</FasigTiptonSalesServices>