<?xml version="1.0" encoding="UTF-8"?>
<FasigTiptonSalesServices>
<Service>saleUpdates</Service>
<FasigTiptonUpdates>
	<Update>
+    .  .  Drop Anchor (2018 g. by Anchor Down). Winner at 2, placed at 5, 2023, $62,585.
		<hip>89</hip>
		<SaleEntryCode>PH23</SaleEntryCode>
		<SaleCode>FTFEB</SaleCode>
		<SaleName>FT FEB MIXED 21</SaleName>
		<HorseName>Drop Anchor</HorseName>
		<HorseYOB>2018</HorseYOB>
		<HorseSex>g</HorseSex>
		<DamName>Black Coronas</DamName>
		<DamDamName></DamDamName>
		<SireName>Anchor Down</SireName>
		<OfficialPosition></OfficialPosition>
		<RaceNumber></RaceNumber>
		<RaceType></RaceType>
		<Grade></Grade>
		<RaceDate></RaceDate>
		<TrackName></TrackName>
		<UpdPosition></UpdPosition>
		<Generation>3</Generation>
		<Earnings>62,585</Earnings>
		<BlackType>N</BlackType>
		<WhiteType>Y</WhiteType>
		<UpdateLink></UpdateLink>
+    .  .  .  Hippodrome (2019 c. by Ghostzapper). Winner at 3, 2022, $153,324.
		<hip>89</hip>
		<SaleEntryCode>PH23</SaleEntryCode>
		<SaleCode>FTFEB</SaleCode>
		<SaleName>FT FEB MIXED 21</SaleName>
		<HorseName>Hippodrome</HorseName>
		<HorseYOB>2019</HorseYOB>
		<HorseSex>c</HorseSex>
		<DamName></DamName>
		<DamDamName></DamDamName>
		<SireName>Ghostzapper</SireName>
		<OfficialPosition></OfficialPosition>
		<RaceNumber></RaceNumber>
		<RaceType></RaceType>
		<Grade></Grade>
		<RaceDate></RaceDate>
		<TrackName></TrackName>
		<UpdPosition></UpdPosition>
		<Generation></Generation>
		<Earnings>153,324</Earnings>
		<BlackType>N</BlackType>
		<WhiteType>Y</WhiteType>
		<UpdateLink></UpdateLink>
+    .  .  A Shin Vision (2013 c. by Lonhro (AUS)). 20 wins, 3 to 9, placed at 10, 2023, 89,648,000 Yen, in Japan. Sent from United States to Japan in 2014. (Total: $796,359).
		<hip>89</hip>
		<SaleEntryCode>PH23</SaleEntryCode>
		<SaleCode>FTFEB</SaleCode>
		<SaleName>FT FEB MIXED 21</SaleName>
		<HorseName>A Shin Vision</HorseName>
		<HorseYOB>2013</HorseYOB>
		<HorseSex>c</HorseSex>
		<DamName>**Christine Daae**</DamName>
		<DamDamName></DamDamName>
		<SireName>Lonhro (AUS</SireName>
		<OfficialPosition></OfficialPosition>
		<RaceNumber></RaceNumber>
		<RaceType></RaceType>
		<Grade></Grade>
		<RaceDate></RaceDate>
		<TrackName></TrackName>
		<UpdPosition></UpdPosition>
		<Generation>3</Generation>
		<Earnings>796,359</Earnings>
		<BlackType>N</BlackType>
		<WhiteType>Y</WhiteType>
		<UpdateLink></UpdateLink>
+    .  .  Merry Sense (2019 c. by Street Sense). Winner at 3, 2022, 10,032,000 Yen, in Japan. Sent from United States to Japan in 2020. (Total: $83,716).
		<hip>89</hip>
		<SaleEntryCode>PH23</SaleEntryCode>
		<SaleCode>FTFEB</SaleCode>
		<SaleName>FT FEB MIXED 21</SaleName>
		<HorseName>Merry Sense</HorseName>
		<HorseYOB>2019</HorseYOB>
		<HorseSex>c</HorseSex>
		<DamName>Chausie</DamName>
		<DamDamName></DamDamName>
		<SireName>Street Sense</SireName>
		<OfficialPosition></OfficialPosition>
		<RaceNumber></RaceNumber>
		<RaceType></RaceType>
		<Grade></Grade>
		<RaceDate></RaceDate>
		<TrackName></TrackName>
		<UpdPosition></UpdPosition>
		<Generation>3</Generation>
		<Earnings>83,716</Earnings>
		<BlackType>N</BlackType>
		<WhiteType>Y</WhiteType>
		<UpdateLink></UpdateLink>
+    .  Blustery (2019 f. by Jimmy Creed). Winner at 3, 2022, $36,645.
		<hip>89</hip>
		<SaleEntryCode>PH23</SaleEntryCode>
		<SaleCode>FTFEB</SaleCode>
		<SaleName>FT FEB MIXED 21</SaleName>
		<HorseName>Blustery</HorseName>
		<HorseYOB>2019</HorseYOB>
		<HorseSex>f</HorseSex>
		<DamName>**WINDY FORECAST**</DamName>
		<DamDamName>SCAPEGOAT</DamDamName>
		<SireName>Jimmy Creed</SireName>
		<OfficialPosition></OfficialPosition>
		<RaceNumber></RaceNumber>
		<RaceType></RaceType>
		<Grade></Grade>
		<RaceDate></RaceDate>
		<TrackName></TrackName>
		<UpdPosition></UpdPosition>
		<Generation>2</Generation>
		<Earnings>36,645</Earnings>
		<BlackType>N</BlackType>
		<WhiteType>Y</WhiteType>
		<UpdateLink></UpdateLink>
+    .  Big Creed (2020 g. by Jimmy Creed). Winner at 2, placed at 3, 2023, $13,037.
		<hip>89</hip>
		<SaleEntryCode>PH23</SaleEntryCode>
		<SaleCode>FTFEB</SaleCode>
		<SaleName>FT FEB MIXED 21</SaleName>
		<HorseName>Big Creed</HorseName>
		<HorseYOB>2020</HorseYOB>
		<HorseSex>g</HorseSex>
		<DamName>**WINDY FORECAST**</DamName>
		<DamDamName>SCAPEGOAT</DamDamName>
		<SireName>Jimmy Creed</SireName>
		<OfficialPosition></OfficialPosition>
		<RaceNumber></RaceNumber>
		<RaceType></RaceType>
		<Grade></Grade>
		<RaceDate></RaceDate>
		<TrackName></TrackName>
		<UpdPosition></UpdPosition>
		<Generation>2</Generation>
		<Earnings>13,037</Earnings>
		<BlackType>N</BlackType>
		<WhiteType>Y</WhiteType>
		<UpdateLink></UpdateLink>
+    .  .  Tapped to the Max (2018 g. by Tapiture). 6 wins, 2 to 4, 2022, $125,039.
		<hip>89</hip>
		<SaleEntryCode>PH23</SaleEntryCode>
		<SaleCode>FTFEB</SaleCode>
		<SaleName>FT FEB MIXED 21</SaleName>
		<HorseName>Tapped to the Max</HorseName>
		<HorseYOB>2018</HorseYOB>
		<HorseSex>g</HorseSex>
		<DamName>Unbridled Harlan</DamName>
		<DamDamName></DamDamName>
		<SireName>Tapiture</SireName>
		<OfficialPosition></OfficialPosition>
		<RaceNumber></RaceNumber>
		<RaceType></RaceType>
		<Grade></Grade>
		<RaceDate></RaceDate>
		<TrackName></TrackName>
		<UpdPosition></UpdPosition>
		<Generation>3</Generation>
		<Earnings>125,039</Earnings>
		<BlackType>N</BlackType>
		<WhiteType>Y</WhiteType>
		<UpdateLink></UpdateLink>
	</update>
</FasigTiptonUpdates>
</FasigTiptonSalesServices>